Latitude;Jan;Fev;Mar;Abr;Mai;Jun;Jul;Ago;Set;Out;Nov;Dez;Media
Latitude 00;1;1;1;1;1;1;0;1;1;1;1;1;0,92
Latitude 05;0,97;0,98;1;1,01;1,02;1,02;1,02;1,01;1;0,98;0,97;0,96;1
Latitude 010;0,93;0,95;0,99;1,02;1,04;1,04;1,03;1,01;0,99;0,96;0,93;0,92;0,98
Latitude 015;0,88;0,92;0,97;1,02;1,05;1,05;1,04;1,01;0,97;0,92;0,88;0,87;0,97
Latitude 020;0,83;,88,;0,95;1,01;1,05;1,06;1,04;1;0,95;0,88;0,83;0,81;0,87
Latitude 025;0,77;0,83;0,92;0,99;1,04;1,06;1,03;0,99;0,92;0,84;0,77;0,75;0,91
Latitude 030;0,7;0,78;0,88;0,97;1,03;1,05;1,02;0,97;0,88;0,79;0,71;0,68;0,87
Latitude 035;0,64;0,72;0,84;0,94;1,02;1,03;1;0,94;0,84;0,74;0,64;0,61;0,83
Latitude 040;0,56;0,66;0,79;0,91;0,99;1,01;0,98;0,9;0,8;0,68;0,57;0,53;0,78
Latitude 045;0,49;0,59;0,73;0,87;0,96;0,98;0,95;0,87;0,75;0,61;0,5;0,45;0,73
Latitude 050;0,41;0,52;0,68;0,82;0,92;0,95;0,91;0,82;0,69;0,54;0,42;0,37;0,67
Latitude 055;0,33;0,45;0,61;0,77;0,88;0,91;0,87;0,77;0,63;0,47;0,34;0,28;0,61
Latitude 060;0,24;0,37;0,55;0,71;0,83;0,86;0,82;0,72;0,57;0,4;0,26;0,2;0,54
Latitude 065;0,16;0,3;0,48;0,65;0,77;0,81;0,77;0,66;0,5;0,32;0,18;0,13;0,48
Latitude 070;0,11;0,22;0,4;0,59;0,72;0,75;0,71;0,6;0,43;0,25;0,13;0,12;0,42
Latitude 075;0,11;0,13;0,33;0,52;0,65;0,69;0,65;0,53;0,36;0,17;0,12;0,11;0,36
Latitude 080;0,1;0,1;0,25;0,45;0,58;0,63;0,58;0,47;0,29;0,13;0,12;0,1;0,32
Latitude 085;0,09;0,09;0,17;0,37;0,51;0,56;0,52;0,4;0,21;0,12;0,11;0,1;0,27
Latitude 090;0,08;0,08;0,09;0,29;0,44;0,49;0,45;0,32;0,14;0,11;0,1;0,09;0,22
Latitude 10;1;1;1;1;1;1;1;1;1;1;1;1;1
Latitude 15;0,97;0,98;1;1,01;1,02;1,03;1,02;1,01;1;0,98;0,97;0,96;1
Latitude 110;0,93;0,96;0,99;1,02;1,04;1,04;1,03;1,02;0,99;0,96;0,93;0,92;0,99
Latitude 115;0,88;0,92;0,97;1,02;1,05;1,06;1,04;1,01;0,97;0,93;0,89;0,87;0,97
Latitude 120;0,83;,88,;0,95;1,01;1,05;1,06;1,04;1,01;0,95;0,89;0,84;0,81;0,87
Latitude 125;0,77;0,84;0,92;1;1,05;1,06;1,04;0,99;0,92;0,85;0,78;0,75;0,91
Latitude 130;0,71;0,79;0,89;0,98;1,04;1,05;1,03;0,97;0,89;0,8;0,72;0,69;0,88
Latitude 135;0,65;0,73;0,84;0,95;1,02;1,04;1,01;0,95;0,85;0,74;0,65;0,62;0,84
Latitude 140;0,57;0,67;0,8;0,92;1;1,02;0,98;0,91;0,81;0,69;0,58;0,54;0,79
Latitude 145;0,5;0,61;0,74;0,88;0,97;0,99;0,95;0,87;0,76;0,62;0,51;0,46;0,74
Latitude 150;0,42;0,54;0,69;0,83;0,93;0,96;0,92;0,83;0,7;0,56;0,43;0,38;0,68
Latitude 155;0,34;0,46;0,63;0,78;0,89;0,92;0,88;0,78;0,64;0,49;0,35;0,3;0,62
Latitude 160;0,26;0,39;0,56;0,73;0,84;0,87;0,83;0,73;0,58;0,41;0,27;0,21;0,56
Latitude 165;0,17;0,31;0,49;0,66;0,79;0,82;0,78;0,67;0,51;0,34;0,19;0,13;0,49
Latitude 170;0,11;0,23;0,42;0,6;0,73;0,77;0,72;0,61;0,45;0,26;0,13;0,12;0,43
Latitude 175;0,11;0,15;0,34;0,53;0,67;0,71;0,66;0,55;0,37;0,18;0,12;0,11;0,38
Latitude 180;0,1;0,1;0,26;0,46;0,6;0,64;0,6;0,48;0,3;0,13;0,11;0,1;0,32
Latitude 185;0,09;0,09;0,19;0,39;0,53;0,58;0,53;0,41;0,23;0,12;0,11;0,1;0,28
Latitude 190;0,08;0,08;0,011;0,31;0,46;0,51;0,46;0,34;0,15;0,11;0,1;0,09;0,23
Latitude 20;1;1;1;1;1;1;1;1;1;1;1;1;1
Latitude 25;0,97;0,98;1;1,02;1,02;1,03;1,02;1,01;1;0,98;0,97;0,96;1
Latitude 210;0,93;0,96;0,99;1,02;1,04;1,05;1,04;1,02;0,99;0,96;0,93;0,92;0,99
Latitude 215;0,89;0,93;0,98;1,02;1,05;1,06;1,05;1,02;0,98;0,93;0,89;0,87;0,97
Latitude 220;0,84;,89,;0,96;1,02;1,06;1,07;1,05;1,01;0,96;0,89;0,84;0,82;0,88
Latitude 225;0,78;0,84;0,93;1,01;1,06;1,07;1,04;1;0,93;0,85;0,79;0,76;0,92
Latitude 230;0,72;0,8;0,89;0,99;1,05;1,06;1,03;0,98;0,9;0,8;0,73;0,69;0,89
Latitude 235;0,65;0,74;0,85;0,96;1,03;1,05;1,02;0,95;0,86;0,75;0,66;0,62;0,85
Latitude 240;0,58;0,68;0,81;0,93;1,01;1,03;0,99;0,92;0,81;0,69;0,59;0,55;0,8
Latitude 245;0,51;0,62;0,75;0,89;0,98;1;0,96;0,88;0,77;0,63;0,52;0,47;0,75
Latitude 250;0,43;0,55;0,7;0,84;0,94;0,97;0,93;0,84;0,71;0,57;0,45;0,39;0,69
Latitude 255;0,35;0,48;0,64;0,79;0,9;0,93;0,89;0,79;0,65;0,5;0,37;0,31;0,63
Latitude 260;0,27;0,4;0,57;0,74;0,85;0,88;0,84;0,74;0,59;0,42;0,29;0,23;0,57
Latitude 265;0,19;0,32;0,5;0,68;0,8;0,84;0,79;0,68;0,53;0,35;0,2;0,14;0,5
Latitude 270;0,11;0,24;0,43;0,61;0,74;0,78;0,73;0,62;0,46;0,27;0,13;0,12;0,44
Latitude 275;0,11;0,16;0,36;0,55;0,68;0,72;0,67;0,56;0,39;0,19;0,12;0,11;0,39
Latitude 280;0,1;0,1;0,28;0,47;0,61;0,66;0,61;0,49;0,31;0,13;0,11;0,1;0,33
Latitude 285;0,09;0,09;0,2;0,4;0,54;0,59;0,54;0,42;0,24;0,12;0,11;0,1;0,29
Latitude 290;0,08;0,08;0,012;0,32;0,47;0,52;0,47;0,35;0,16;0,11;0,1;0,09;0,23
Latitude 30;1;1;1;1;1;1;1;1;1;1;1;1;1
Latitude 35;0,97;0,98;1;1,02;1,03;1,03;1,02;1,01;1;0,98;0,97;0,94;1
Latitude 310;0,93;0,96;0,99;1,03;1,05;1,05;1,04;1,02;0,99;0,96;0,94;0,93;0,99
Latitude 315;0,89;0,93;0,98;1,03;1,06;1,06;1,05;1,02;0,98;0,93;0,89;0,88;0,98
Latitude 320;0,84;0,89;0,96;1,02;1,06;1,07;1,05;1,02;0,96;0,9;0,85;0,83;0,95
Latitude 325;0,79;0,85;0,93;1,01;1,06;1,07;1,05;1;0,94;0,86;0,79;0,77;0,93
Latitude 330;0,73;0,8;0,9;0,99;1,05;1,07;1,04;0,98;0,9;0,81;0,74;0,7;0,89
Latitude 335;0,66;0,75;0,86;0,97;1,04;1,05;1,02;0,96;0,87;0,76;0,67;0,63;0,85
Latitude 340;0,59;0,69;0,82;0,94;1,02;1,04;1;0,93;0,82;0,7;0,6;0,56;0,81
Latitude 345;0,52;0,63;0,76;0,9;0,99;1,01;0,97;0,89;0,77;0,64;0,53;0,49;0,76
Latitude 350;0,44;0,56;0,71;0,85;0,95;0,98;0,94;0,85;0,72;0,58;0,46;0,41;0,7
Latitude 355;0,37;0,49;0,65;0,81;0,91;0,94;0,9;0,8;0,66;0,51;0,38;0,32;0,65
Latitude 360;0,28;0,41;0,58;0,75;0,87;0,9;0,85;0,75;0,6;0,44;0,3;0,24;0,58
Latitude 365;0,2;0,34;0,52;0,69;0,81;0,85;0,8;0,69;0,54;0,36;0,22;0,16;0,52
Latitude 370;0,12;0,26;0,44;0,63;0,76;0,79;0,75;0,63;0,47;0,29;0,14;0,12;0,45
Latitude 375;0,1;0,18;0,37;0,56;0,69;0,73;0,69;0,57;0,4;0,21;0,12;0,11;0,39
Latitude 380;0,1;0,1;0,29;0,49;0,63;0,67;0,62;0,5;0,33;0,13;0,11;0,1;0,34
Latitude 385;0,09;0,09;0,22;0,41;0,56;0,6;0,56;0,43;0,25;0,12;0,11;0,1;0,3
Latitude 390;0,08;0,08;0,14;0,34;0,49;0,53;0,49;0,36;0,18;0,11;0,1;0,09;0,25
Latitude 40;1;1;1;1;1;1;1;1;1;1;1;1;1
Latitude 45;0,97;0,98;1;1,02;1,03;1,03;1,02;1,01;1;0,99;0,97;0,97;1
Latitude 410;0,94;0,96;1;1,03;1,05;1,05;1,04;1,02;1;0,96;0,94;0,93;0,99
Latitude 415;0,9;0,93;0,98;1,03;1,06;1,07;1,05;1,02;0,98;0,94;0,9;0,88;0,98
Latitude 420;0,85;0,9;0,96;1,03;1,07;1,08;1,06;1,02;0,97;0,9;0,85;0,83;0,96
Latitude 425;0,8;0,86;0,94;1,02;1,07;1,08;1,05;1,01;0,94;0,86;0,8;0,77;0,93
Latitude 430;0,74;0,81;0,91;1;1,06;1,07;1,05;0,99;0,91;0,82;0,74;0,71;0,9
Latitude 435;0,67;0,76;0,87;0,98;1,05;1,06;1,03;0,97;0,87;0,77;0,68;0,64;0,86
Latitude 440;0,6;0,7;0,82;0,95;1,03;1,04;1,01;0,94;0,83;0,71;0,61;0,57;0,82
Latitude 445;0,53;0,64;0,77;0,91;1;1,02;0,98;0,9;0,78;0,65;0,54;0,5;0,77
Latitude 450;0,46;0,57;0,72;0,87;0,97;0,99;0,95;0,86;0,73;0,59;0,47;0,42;0,72
Latitude 455;0,38;0,5;0,66;0,82;0,93;0,95;0,91;0,81;0,67;0,52;0,39;0,34;0,66
Latitude 460;0,3;0,43;0,6;0,76;0,88;0,91;0,86;0,76;0,61;0,45;0,31;0,25;0,59
Latitude 465;0,22;0,35;0,53;0,7;0,83;0,86;0,81;0,71;0,55;0,37;0,23;0,17;0,53
Latitude 470;0,13;0,27;0,46;0,64;0,77;0,81;0,76;0,65;0,48;0,3;0,15;0,12;0,46
Latitude 475;0,1;0,19;0,38;0,57;0,71;0,75;0,7;0,58;0,41;0,22;0,12;0,11;0,4
Latitude 480;0,1;0,11;0,31;0,5;0,64;0,69;0,64;0,52;0,34;0,14;0,11;0,1;0,35
Latitude 485;0,09;0,09;0,23;0,43;0,57;0,62;0,57;0,45;0,26;0,12;0,1;0,09;0,3
Latitude 490;0,08;0,08;0,15;0,35;0,5;0,55;0,5;0,37;0,19;0,11;0,1;0,09;0,26
Latitude 50;1;1;1;1;1;1;1;1;1;1;1;1;1
Latitude 55;0,97;0,99;1;1,02;1,03;1,03;1,02;1,02;1;0,99;0,97;0,97;1
Latitude 510;0,94;0,97;1;1,03;1,05;1,05;1,04;1,02;1;0,97;0,94;0,93;1
Latitude 515;0,9;0,94;0,99;1,04;1,07;1,07;1,06;1,03;0,99;0,94;0,9;0,89;0,99
Latitude 520;0,85;0,9;0,97;1,03;1,07;1,08;1,06;1,02;0,97;0,91;0,86;0,84;0,96
Latitude 525;0,8;0,86;0,95;1,02;1,08;1,08;1,06;1,01;0,95;0,87;0,81;0,78;0,94
Latitude 530;0,74;0,82;0,91;1,01;1,07;1,08;1,05;1;0,92;0,83;0,75;0,72;0,91
Latitude 535;0,68;0,77;0,88;0,98;1,06;1,07;1,04;0,97;0,88;0,78;0,69;0,65;0,87
Latitude 540;0,61;0,71;0,83;0,96;1,04;1,05;1,02;0,94;0,84;0,72;0,62;0,58;0,83
Latitude 545;0,54;0,65;0,78;0,92;1,01;1,03;0,99;0,91;0,79;0,66;0,55;0,51;0,78
Latitude 550;0,47;0,58;0,73;0,88;0,98;1;0,96;0,87;0,74;0,6;0,48;0,43;0,73
Latitude 555;0,39;0,51;0,67;0,83;0,94;0,96;0,92;0,82;0,68;0,53;0,4;0,35;0,67
Latitude 560;0,31;0,44;0,61;0,78;0,89;0,92;0,87;0,77;0,62;0,46;0,33;0,27;0,61
Latitude 565;0,23;0,36;0,54;0,72;0,84;0,87;0,82;0,72;0,56;0,39;0,25;0,18;0,54
Latitude 570;0,15;0,28;0,47;0,66;0,79;0,82;0,77;0,66;0,49;0,31;0,16;0,12;0,47
Latitude 575;0,1;0,21;0,4;0,59;0,72;0,76;0,71;0,59;0,42;0,23;0,12;0,11;0,41
Latitude 580;0,1;0,13;0,32;0,52;0,66;0,7;0,65;0,53;0,35;0,16;0,11;0,1;0,36
Latitude 585;0,09;0,09;0,24;0,44;0,59;0,63;0,58;0,46;0,28;0,12;0,1;0,09;0,31
Latitude 590;0,08;0,08;0,16;0,37;0,52;0,56;0,51;0,39;0,2;0,11;0,1;0,09;0,26
Latitude 60;1;1;1;1;1;1;1;1;1;1;1;1;1
Latitude 65;0,97;0,99;1;1,02;1,03;1,03;1,03;1,02;1;0,99;0,98;0,97;1
Latitude 610;0,94;0,97;1;1,03;1,05;1,06;1,05;1,03;1;0,97;0,94;0,93;1
Latitude 615;0,9;0,94;0,99;1,04;1,07;1,07;1,06;1,03;0,99;0,94;0,91;0,89;0,99
Latitude 620;0,86;0,91;0,97;1,04;1,08;1,09;1,07;1,03;0,97;0,91;0,86;0,84;0,97
Latitude 625;0,81;0,87;0,95;1,03;1,08;1,09;1,06;1,02;0,95;0,88;0,81;0,79;0,95
Latitude 630;0,75;0,82;0,92;1,01;1,08;1,09;1,06;1;0,92;0,83;0,76;0,73;0,91
Latitude 635;0,69;0,77;0,89;0,99;1,07;1,08;1,04;0,98;0,89;0,78;0,7;0,66;0,88
Latitude 640;0,62;0,72;0,84;0,96;1,05;1,06;1,03;0,95;0,85;0,73;0,63;0,59;0,84
Latitude 645;0,55;0,66;0,79;0,93;1,02;1,04;1;0,92;0,8;0,67;0,56;0,52;0,79
Latitude 650;0,48;0,59;0,74;0,89;0,99;1,01;0,97;0,88;0,75;0,61;0,49;0,44;0,74
Latitude 655;0,4;0,52;0,68;0,84;0,95;0,98;0,93;0,83;0,7;0,54;0,42;0,36;0,68
Latitude 660;0,33;0,45;0,62;0,79;0,91;0,93;0,89;0,78;0,64;0,47;0,34;0,28;0,62
Latitude 665;0,24;0,38;0,55;0,73;0,86;0,89;0,84;0,73;0,57;0,4;0,26;0,2;0,55
Latitude 670;0,16;0,3;0,48;0,67;0,8;0,83;0,78;0,67;0,5;0,32;0,18;0,12;0,48
Latitude 675;0,1;0,22;0,41;0,6;0,74;0,78;0,72;0,61;0,44;0,25;0,12;0,11;0,43
Latitude 680;0,1;0,14;0,34;0,53;0,67;0,71;0,66;0,54;0,36;0,17;0,11;0,1;0,37
Latitude 685;0,09;0,09;0,26;0,46;0,6;0,65;0,6;0,47;0,29;0,12;0,1;0,09;0,32
Latitude 690;0,08;0,08;0,18;0,38;0,53;0,58;0,53;0,4;0,21;0,11;0,1;0,09;0,27
Latitude 70;1;1;1;1;1;1;1;1;1;1;1;1;1
Latitude 75;0,99;0,99;1,01;1,02;1,03;1,03;1,03;1,02;1;0,99;0,98;0,97;1,01
Latitude 710;0,97;0,97;1;1,04;1,06;1,06;1,05;1,03;1;0,97;0,95;0,94;1
Latitude 715;0,95;0,95;0,99;1,04;1,07;1,08;1,06;1,03;0,99;0,95;0,91;0,89;0,99
Latitude 720;0,91;0,91;0,98;1,04;1,08;1,09;1,07;1,03;0,98;0,92;0,87;0,85;0,98
Latitude 725;0,88;0,88;0,96;1,04;1,09;1,1;1,07;1,02;0,96;0,88;0,82;0,79;0,96
Latitude 730;0,83;0,83;0,93;1,02;1,08;1,1;1,06;1,01;0,93;0,84;0,77;0,73;0,93
Latitude 735;0,78;0,78;0,89;1;1,07;1,09;1,05;0,99;0,9;0,79;0,71;0,67;0,89
Latitude 740;0,73;0,73;0,85;0,97;1,06;1,07;1,03;0,96;0,86;0,74;0,64;0,6;0,85
Latitude 745;0,67;0,67;0,81;0,94;1,03;1,05;1,01;0,93;0,81;0,68;0,57;0,53;0,81
Latitude 750;0,6;0,6;0,75;0,9;1;1,02;0,98;0,89;0,76;0,62;0,5;0,45;0,76
Latitude 755;0,54;0,54;0,7;0,85;0,96;0,99;0,94;0,84;0,71;0,55;0,43;0,38;0,7
Latitude 760;0,46;0,46;0,63;0,8;0,92;0,95;0,9;0,79;0,65;0,48;0,35;0,3;0,64
Latitude 765;0,39;0,39;0,57;0,75;0,87;0,9;0,85;0,74;0,58;0,41;0,27;0,21;0,58
Latitude 770;0,31;0,31;0,5;0,68;0,81;0,85;0,8;0,68;0,52;0,34;0,19;0,13;0,51
Latitude 775;0,23;0,23;0,42;0,62;0,75;0,79;0,74;0,62;0,45;0,26;0,12;0,11;0,45
Latitude 780;0,15;0,15;0,35;0,55;0,69;0,73;0,68;0,55;0,38;0,18;0,11;0,1;0,39
Latitude 785;0,09;0,09;0,27;0,47;0,62;0,66;0,61;0,48;0,3;0,12;0,1;0,09;0,33
Latitude 790;0,08;0,08;0,19;0,4;0,55;0,59;0,54;0,41;0,23;0,11;0,09;0,09;0,28
Latitude 80;1;1;1;1;1;1;1;1;1;1;1;1;1
Latitude 85;0,98;0,99;1,01;1,02;1,03;1,03;1,03;1,02;1,01;0,99;0,98;0,97;1,01
Latitude 810;0,95;0,97;1,01;1,04;1,06;1,06;1,05;1,03;1;0,97;0,95;0,94;1
Latitude 815;0,91;0,95;1;1,05;1,08;1,08;1,07;1,04;1;0,95;0,91;0,9;1
Latitude 820;0,87;0,92;0,98;1,05;1,09;1,1;1,07;1,04;0,98;0,92;0,87;0,85;0,98
Latitude 825;0,82;0,88;0,96;1,04;1,09;1,1;1,08;1,03;0,96;0,89;0,83;0,8;0,96
Latitude 830;0,77;0,84;0,94;1,03;1,09;1,1;1,07;1,02;0,94;0,85;0,77;0,74;0,93
Latitude 835;0,71;0,79;0,9;1,01;1,08;1,1;1,06;1;0,9;0,8;0,72;0,68;0,9
Latitude 840;0,64;0,74;0,86;0,98;1,07;1,08;1,04;0,97;0,86;0,75;0,65;0,61;0,85
Latitude 845;0,58;0,68;0,82;0,95;1,04;1,06;1,02;0,94;0,82;0,69;0,59;0,54;0,81
Latitude 850;0,5;0,61;0,76;0,91;1,01;1,03;0,99;0,9;0,77;0,63;0,51;0,47;0,76
Latitude 855;0,43;0,55;0,71;0,87;0,98;1;0,95;0,85;0,72;0,56;0,44;0,39;0,7
Latitude 860;0,35;0,48;0,65;0,82;0,93;0,96;0,91;0,81;0,66;0,49;0,36;0,31;0,64
Latitude 865;0,27;0,4;0,58;0,76;0,88;0,91;0,86;0,75;0,59;0,42;0,29;0,23;0,58
Latitude 870;0,19;0,33;0,51;0,7;0,83;0,86;0,81;0,69;0,53;0,35;0,21;0,14;0,51
Latitude 875;0,11;0,25;0,44;0,63;0,77;0,81;0,75;0,63;0,46;0,27;0,12;0,11;0,45
Latitude 880;0,1;0,17;0,36;0,56;0,7;0,74;0,69;0,57;0,39;0,2;0,11;0,1;0,39
Latitude 885;0,09;0,09;0,29;0,49;0,64;0,68;0,62;0,5;0,32;0,12;0,1;0,09;0,34
Latitude 890;0,08;0,08;0,21;0,41;0,56;0,61;0,56;0,43;0,24;0,11;0,09;0,09;0,29
Latitude 90;1;1;1;1;1;1;1;1;1;1;1;1;1
Latitude 95;0,98;0,99;1,01;1,02;1,03;1,03;1,03;1,02;1,01;0,99;0,98;0,97;1,01
Latitude 910;0,95;0,98;1,01;1,04;1,06;1,06;1,05;1,03;1,01;0,98;0,95;0,94;1,01
Latitude 915;0,92;0,95;1;1,05;1,08;1,09;1,07;1,04;1;0,96;0,92;0,9;1
Latitude 920;0,88;0,92;0,99;1,05;1,09;1,1;1,08;1,04;0,99;0,93;0,88;0,86;0,98
Latitude 925;0,83;0,89;0,97;1,05;1,1;1,11;1,08;1,03;0,97;0,89;0,83;0,81;0,96
Latitude 930;0,78;0,85;0,94;1,04;1,1;1,11;1,08;1,02;0,94;0,85;0,78;0,75;0,94
Latitude 935;0,72;0,8;0,91;1,02;1,09;1,1;1,07;1;0,91;0,81;0,72;0,69;0,9
Latitude 940;0,65;0,75;0,87;0,99;1,08;1,09;1,05;0,98;0,87;0,76;0,66;0,62;0,86
Latitude 945;0,59;0,69;0,83;0,96;1,05;1,07;1,03;0,95;0,83;0,7;0,6;0,55;0,82
Latitude 950;0,52;0,63;0,77;0,92;1,02;1,04;1;0,91;0,78;0,64;0,53;0,48;0,77
Latitude 955;0,44;0,546;0,72;0,88;0,99;1,01;0,96;0,876;0,73;0,57;0,45;0,4;0,71
Latitude 960;0,36;0,49;0,66;0,83;0,95;0,97;0,92;0,82;0,67;0,51;0,38;0,32;0,66
Latitude 965;0,29;0,42;0,59;0,77;0,9;0,93;0,87;0,76;0,61;0,44;0,3;0,24;0,59
Latitude 970;0,2;0,34;0,52;0,71;0,84;0,88;0,82;0,71;0,54;0,36;0,22;0,16;0,53
Latitude 975;0,12;0,26;0,45;0,65;0,78;0,82;0,76;0,64;0,47;0,29;0,14;0,11;0,46
Latitude 980;0,1;0,18;0,38;0,58;0,72;0,76;0,7;0,58;0,4;0,21;0,11;0,1;0,4
Latitude 985;0,09;0,1;0,3;0,5;0,65;0,69;0,64;0,51;0,33;0,13;0,1;0,09;0,34
Latitude 990;0,08;0,08;0,22;0,43;0,58;0,62;0,57;0,44;0,25;0,11;0,09;0,08;0,3
Latitude 100;1;1;1;1;1;1;1;1;1;1;1;1;1
Latitude 105;0,98;0,99;1,01;1,03;1,04;1,04;1,03;1,02;1,01;0,99;0,98;0,98;1,01
Latitude 1010;0,95;0,98;1,01;1,04;1,06;1,07;1,05;1,04;1,01;0,98;0,95;0,94;1,01
Latitude 1015;0,92;0,96;1,01;1,05;1,09;1,09;1,07;1,04;1;0,96;0,92;0,91;1
Latitude 1020;0,88;0,93;0,99;1,06;1,1;1,11;1,08;1,04;0,99;0,94;0,88;0,86;0,99
Latitude 1025;0,83;0,89;0,98;1,06;1,11;1,11;1,09;1,04;0,97;0,9;0,84;0,81;0,97
Latitude 1030;0,78;0,85;0,95;1,05;1,11;1,12;1,08;1,03;0,95;0,87;0,79;0,76;0,95
Latitude 1035;0,73;0,81;0,92;1,03;1,1;1,11;1,08;1,01;0,92;0,82;0,73;0,7;0,91
Latitude 1040;0,66;0,76;0,88;1;1,09;1,1;1,06;0,99;0,88;0,77;0,67;0,63;0,87
Latitude 1045;0,6;0,7;0,84;0,97;1,07;1,08;1,04;0,95;0,84;0,72;0,61;0,56;0,83
Latitude 1050;0,53;0,64;0,79;0,94;1,04;1,06;1,01;0,92;0,79;0,66;0,54;0,49;0,78
Latitude 1055;0,45;0,57;0,73;0,89;1;1,02;0,97;0,88;0,74;0,6;0,46;0,41;0,73
Latitude 1060;0,38;0,5;0,67;0,84;0,96;0,99;0,93;0,83;0,68;0,53;0,39;0,34;0,67
Latitude 1065;0,3;0,43;0,61;0,79;0,91;0,94;0,89;0,78;0,62;0,46;0,31;0,26;0,61
Latitude 1070;0,22;0,35;0,54;0,73;0,86;0,89;0,83;0,72;0,55;0,39;0,23;0,17;0,54
Latitude 1075;0,14;0,28;0,47;0,66;0,8;0,84;0,78;0,66;0,49;0,31;0,15;0,11;0,47
Latitude 1080;0,09;0,2;0,39;0,59;0,74;0,77;0,72;0,59;0,41;0,24;0,11;0,1;0,41
Latitude 1085;0,09;0,12;0,32;0,52;0,67;0,71;0,65;0,52;0,34;0,16;0,1;0,09;0,36
Latitude 1090;0,08;0,08;0,24;0,44;0,6;0,64;0,58;0,45;0,27;0,11;0,09;0,08;0,31
Latitude 110;1;1;1;1;1;1;1;1;1;1;1;1;1
Latitude 115;0,98;0,99;1,01;1,03;1,04;1,04;1,03;1,02;1,01;0,99;0,98;0,98;1,01
Latitude 1110;0,96;0,98;1,01;1,05;1,07;1,07;1,06;1,04;1,01;0,98;0,96;0,95;1,01
Latitude 1115;0,92;0,96;1,01;1,06;1,09;1,09;1,08;1,05;1,01;0,96;0,93;0,91;1,01
Latitude 1120;0,89;0,93;1;1,06;1,11;1,11;1,09;1,05;1;0,94;0,89;0,87;1
Latitude 1125;0,84;0,9;0,98;1,06;1,11;1,12;1,09;1,05;0,98;0,9;0,84;0,82;0,97
Latitude 1130;0,79;0,86;0,96;1,05;1,12;1,12;1,09;1,03;0,95;0,87;0,8;0,77;0,95
Latitude 1135;0,73;0,82;0,93;1,04;1,11;1,12;1,08;1,02;0,92;0,82;0,74;0,71;0,92
Latitude 1140;0,67;0,77;0,89;1,01;1,1;1,11;1,07;0,99;0,89;0,77;0,68;0,64;0,88
Latitude 1145;0,61;0,71;0,85;0,98;1,08;1,09;1,05;0,96;0,85;0,72;0,62;0,57;0,84
Latitude 1150;0,54;0,65;0,8;0,95;1,05;1,07;1,02;0,93;0,8;0,66;0,55;0,5;0,79
Latitude 1155;0,47;0,58;0,74;0,9;1,01;1,04;0,98;0,89;0,75;0,6;0,48;0,43;0,74
Latitude 1160;0,39;0,51;0,68;0,86;0,97;1;0,94;0,84;0,69;0,53;0,4;0,35;0,68
Latitude 1165;0,31;0,44;0,62;0,8;0,93;0,95;0,9;0,79;0,63;0,46;0,33;0,27;0,62
Latitude 1170;0,23;0,37;0,55;0,74;0,87;0,91;0,85;0,73;0,57;0,39;0,25;0,19;0,55
Latitude 1175;0,15;0,29;0,48;0,68;0,82;0,85;0,79;0,67;0,5;0,31;0,17;0,11;0,49
Latitude 1180;0,09;0,21;0,41;0,61;0,75;0,79;0,73;0,61;0,43;0,24;11;0,1;1,33
Latitude 1185;0,09;0,13;0,33;0,54;0,69;0,73;0,67;0,54;0,35;0,16;0,1;0,09;0,37
Latitude 1190;0,08;0,08;0,25;0,46;0,61;0,66;0,6;0,47;0,28;0,11;0,09;0,08;0,31
Latitude 120;1;1;1;1;1;1;1;1;1;1;1;1;1
Latitude 125;0,96;0,97;0,98;1;1,01;1,02;1,03;1,02;1,01;1;0,98;0,97;1
Latitude 1210;0,92;0,93;0,95;0,99;1,02;1,04;1,06;1,03;1,01;0,99;0,96;0,93;0,99
Latitude 1215;0,87;0,88;0,92;0,97;1,02;1,05;1,08;1,04;1,01;0,97;0,92;0,88;0,97
Latitude 1220;0,81;0,83;,88,;0,95;1,01;1,05;1,09;1,04;1;0,95;0,88;0,83;0,87
Latitude 1225;0,75;0,77;0,83;0,92;0,99;1,04;1,1;1,03;0,99;0,92;0,84;0,77;0,91
Latitude 1230;0,68;0,7;0,78;0,88;0,97;1,03;1,1;1,02;0,97;0,88;0,79;0,71;0,88
Latitude 1235;0,61;0,64;0,72;0,84;0,94;1,02;1,09;1;0,94;0,84;0,74;0,64;0,84
Latitude 1240;0,53;0,56;0,66;0,79;0,91;0,99;1,08;0,98;0,9;0,8;0,68;0,57;0,79
Latitude 1245;0,45;0,49;0,59;0,73;0,87;0,96;1,06;0,95;0,87;0,75;0,61;0,5;0,74
Latitude 1250;0,37;0,41;0,52;0,68;0,82;0,92;1,03;0,91;0,82;0,69;0,54;0,42;0,68
Latitude 1255;0,28;0,33;0,45;0,61;0,77;0,88;1;0,87;0,77;0,63;0,47;0,34;0,62
Latitude 1260;0,2;0,24;0,37;0,55;0,71;0,83;0,96;0,82;0,72;0,57;0,4;0,26;0,55
Latitude 1265;0,13;0,16;0,3;0,48;0,65;0,77;0,91;0,77;0,66;0,5;0,32;0,18;0,49
Latitude 1270;0,12;0,11;0,22;0,4;0,59;0,72;0,86;0,71;0,6;0,43;0,25;0,13;0,43
Latitude 1275;0,11;0,11;0,13;0,33;0,52;0,65;0,81;0,65;0,53;0,36;0,17;0,12;0,37
Latitude 1280;0,1;0,1;0,1;0,25;0,45;0,58;0,74;0,58;0,47;0,29;0,13;0,12;0,33
Latitude 1285;0,1;0,09;0,09;0,17;0,37;0,51;0,68;0,52;0,4;0,21;0,12;0,11;0,28
Latitude 1290;0,09;0,08;0,08;0,09;0,29;0,44;0,61;0,45;0,32;0,14;0,11;0,1;0,23
Latitude 130;1;1;1;1;1;1;1;1;1;1;1;1;1
Latitude 135;0,98;1;1,01;1,03;1,04;1,04;1,03;1,02;1,01;1;0,98;0,98;1,01
Latitude 1310;0,96;0,99;1,02;1,05;1,07;1,07;1,06;1,04;1,02;0,99;0,96;0,95;1,02
Latitude 1315;0,93;0,97;1,02;1,07;1,1;1,1;1,08;1,05;1,01;0,97;0,93;0,92;1,01
Latitude 1320;0,9;0,94;1,01;1,07;1,12;1,12;1,1;1,06;1;0,95;0,9;0,88;1
Latitude 1325;0,85;0,91;0,99;1,08;1,13;1,13;1,1;1,06;0,99;0,92;0,86;0,83;0,99
Latitude 1330;0,81;0,88;0,97;1,07;1,13;1,14;1,1;1,05;0,97;0,88;0,81;0,78;0,97
Latitude 1335;0,75;0,83;0,94;1,05;1,13;1,14;1,1;1,03;0,94;0,84;0,76;0,72;0,94
Latitude 1340;0,69;0,78;0,91;1,03;1,12;1,13;1,09;1,01;0,91;0,79;0,7;0,66;0,9
Latitude 1345;0,63;0,73;0,87;1,01;1,1;1,11;1,07;0,98;0,87;0,74;0,64;0,6;0,86
Latitude 1350;0,56;0,67;0,82;0,97;1,07;1,09;1,04;0,95;0,82;0,68;0,57;0,53;0,81
Latitude 1355;0,49;0,61;0,77;0,93;1,04;1,06;1,01;0,91;0,77;0,62;0,5;0,45;0,76
Latitude 1360;0,42;0,54;0,71;0,88;1;1,03;0,97;0,86;0,71;0,55;0,43;0,38;0,71
Latitude 1365;0,34;0,47;0,65;0,83;0,96;0,98;0,92;0,81;0,65;0,48;0,35;0,3;0,65
Latitude 1370;0,26;0,39;0,58;0,77;0,91;0,94;0,87;0,76;0,59;0,41;0,27;0,22;0,58
Latitude 1375;0,18;0,32;0,51;0,781;0,85;0,88;0,82;0,7;0,52;0,34;0,19;0,14;0,52
Latitude 1380;0,1;0,24;0,44;0,64;0,79;0,82;0,76;0,63;0,45;0,26;0,11;0,1;0,45
Latitude 1385;0,09;0,16;0,36;0,57;0,72;0,76;0,7;0,56;0,38;0,19;0,1;0,09;0,39
Latitude 1390;0,08;0,08;0,28;0,49;0,65;0,69;0,63;0,49;0,31;0,11;0,09;0,08;0,33
Latitude 140;1;1;1;1;1;1;1;1;1;1;1;1;1
Latitude 145;0,99;1;1,01;1,03;1,04;1,04;1,04;1,03;1,01;1;0,99;0,98;1,01
Latitude 1410;0,96;0,99;1,02;1,05;1,08;1,08;1,06;1,04;1,02;0,99;0,96;0,96;1,02
Latitude 1415;0,94;0,97;1,02;1,07;1,1;1,1;1,09;1,06;1,02;0,97;0,94;0,92;1,02
Latitude 1420;0,9;0,95;1,01;1,08;1,12;1,13;1,1;1,06;1,01;0,95;0,9;0,88;1,01
Latitude 1425;0,86;0,92;1;1,08;1,14;1,14;1,11;1,06;1;0,92;0,86;0,84;0,99
Latitude 1430;0,81;0,88;0,98;1,08;1,14;1,15;1,11;1,05;0,97;0,89;0,82;0,79;0,97
Latitude 1435;0,76;0,84;0,95;1,06;1,14;1,15;1,11;1,04;0,95;0,85;0,77;0,73;0,95
Latitude 1440;0,7;0,79;0,92;1,04;1,13;1,14;1,09;1,02;0,91;0,8;0,71;0,67;0,91
Latitude 1445;0,64;0,74;0,88;1,02;1,11;1,13;1,08;0,99;0,87;0,75;0,65;0,61;0,87
Latitude 1450;0,57;0,68;0,83;0,98;1,09;1,1;1,05;0,96;0,83;0,69;0,58;0,54;0,83
Latitude 1455;0,5;0,62;0,78;0,94;1,06;1,07;1,02;0,92;0,78;0,63;0,51;0,46;0,77
Latitude 1460;0,43;0,55;0,72;0,9;1,02;1,04;0,98;0,87;0,73;0,57;0,44;0,39;0,72
Latitude 1465;0,35;0,48;0,66;0,84;0,97;1;0,94;0,82;0,67;0,5;0,36;0,31;0,66
Latitude 1470;0,28;0,41;0,59;0,79;0,92;0,95;0,89;0,77;0,6;0,43;0,29;0,23;0,6
Latitude 1475;0,2;0,33;0,52;0,72;0,87;0,9;0,83;0,71;0,54;0,35;0,21;0,15;0,53
Latitude 1480;0,11;0,25;0,45;0,66;0,8;0,84;0,77;0,65;0,47;0,28;0,13;0,1;0,46
Latitude 1485;0,09;0,18;0,38;0,59;0,74;0,77;0,71;0,58;0,39;0,2;0,1;0,09;0,4
Latitude 1490;0,08;0,1;0,3;0,51;0,67;0,71;0,64;0,51;0,32;0,12;0,09;0,08;0,34
Latitude 150;1;1;1;1;1;1;1;1;1;1;1;1;1
Latitude 155;0,99;1;1,02;1,03;1,04;1,04;1,04;1,03;1,01;1;0,99;0,98;1,01
Latitude 1510;0,97;0,99;1,02;1,06;1,08;1,08;1,07;1,05;1,02;0,99;0,97;0,96;1,02
Latitude 1515;0,94;0,98;1,03;1,07;1,11;1,11;1,09;1,06;1,02;0,98;0,94;0,93;1,02
Latitude 1520;0,91;0,95;1,02;1,09;1,13;1,13;1,11;1,07;1,01;0,95;0,91;0,89;1,01
Latitude 1525;0,87;0,93;1,01;1,09;1,14;1,15;1,12;1,07;1;0,93;0,87;0,85;1
Latitude 1530;0,82;0,89;0,99;1,08;1,15;1,16;1,12;1,06;0,98;0,89;0,82;0,8;0,98
Latitude 1535;0,77;0,85;0,96;1,07;1,15;1,16;1,11;1,05;0,95;0,85;0,77;0,74;0,95
Latitude 1540;0,71;0,8;0,93;1,05;1,14;1,15;1,1;1,03;0,92;0,81;0,72;0,68;0,92
Latitude 1545;0,65;0,75;0,89;1,03;1,12;1,14;1,09;1;0,88;0,76;0,66;0,62;0,88
Latitude 1550;0,59;0,69;0,84;1;1,1;1,12;1,06;0,97;0,84;0,7;0,59;0,55;0,84
Latitude 1555;0,52;0,63;0,79;0,96;1,07;1,09;1,03;0,93;0,79;0,64;0,52;0,48;0,79
Latitude 1560;0,44;0,56;0,74;0,91;1,03;1,05;0,99;0,89;0,74;0,58;0,45;0,4;0,73
Latitude 1565;0,37;0,49;0,67;0,86;0,99;1,01;0,95;0,84;0,68;0,51;0,38;0,32;0,67
Latitude 1570;0,29;0,42;0,61;0,8;0,94;0,97;0,9;0,78;0,62;0,44;0,3;0,24;0,61
Latitude 1575;0,21;0,35;0,54;0,74;0,88;0,91;0,85;0,72;0,55;0,37;0,22;0,16;0,54
Latitude 1580;0,13;0,27;0,47;0,67;0,82;0,85;0,79;0,66;0,48;0,29;0,14;0,1;0,47
Latitude 1585;0,09;0,19;0,39;0,6;0,75;0,79;0,73;0,59;0,41;0,21;0,1;0,09;0,41
Latitude 1590;0,08;0,11;0,31;0,53;0,68;0,72;0,66;0,52;0,33;0,14;0,09;0,08;0,35
Latitude 160;1;1;1;1;1;1;1;1;1;1;1;1;1
Latitude 165;0,99;1;1,02;1,03;1,04;1,04;1,04;1,03;1,01;1;0,99;0,98;1,01
Latitude 1610;0,97;0,99;1,03;1,06;1,08;1,08;1,07;1,05;1,02;0,99;0,97;0,96;1,02
Latitude 1615;0,94;0,98;1,03;1,08;1,11;1,11;1,09;1,06;1,02;0,98;0,94;0,93;1,02
Latitude 1620;0,91;0,96;1,02;1,09;1,13;1,14;1,11;1,07;1,02;0,96;0,91;0,89;1,02
Latitude 1625;0,87;0,93;1,01;1,1;1,15;1,15;1,12;1,07;1,01;0,93;0,88;0,85;1,01
Latitude 1630;0,83;0,9;0,99;1,09;1,16;1,16;1,13;1,07;0,99;0,9;0,83;0,8;0,99
Latitude 1635;0,78;0,86;0,97;1,08;1,16;1,17;1,12;1,06;0,96;0,86;0,78;0,75;0,96
Latitude 1640;0,72;0,81;0,94;1,07;1,15;1,16;1,11;1,04;0,93;0,82;0,73;0,69;0,93
Latitude 1645;0,66;0,76;0,9;1,04;1,14;1,15;1,1;1,01;0,89;0,77;0,67;0,63;0,89
Latitude 1650;0,6;0,7;0,85;1,01;1,11;1,13;1,07;0,98;0,85;0,71;0,6;0,56;0,85
Latitude 1655;0,53;0,64;0,8;0,97;1,08;1,1;1,04;0,94;0,8;0,65;0,54;0,49;0,8
Latitude 1660;0,46;0,58;0,75;0,93;1,05;1,07;1,01;0,9;0,75;0,59;0,46;0,41;0,75
Latitude 1665;0,38;0,51;0,69;0,87;1,01;1,03;0,96;0,85;0,69;0,52;0,39;0,34;0,69
Latitude 1670;0,3;0,44;0,62;0,82;0,96;0,98;0,92;0,79;0,63;0,45;0,31;0,26;0,62
Latitude 1675;0,22;0,36;0,55;0,76;0,9;0,93;0,86;0,74;0,56;0,38;0,24;0,18;0,56
Latitude 1680;0,14;0,28;0,48;0,69;0,84;0,87;0,8;0,67;0,49;0,3;0,16;0,1;0,49
Latitude 1685;0,09;0,2;0,41;0,62;0,77;0,81;0,74;0,61;0,42;0,23;0,1;0,09;0,42
Latitude 1690;0,08;0,12;0,33;0,54;0,7;0,74;0,67;0,54;0,35;0,15;0,09;0,08;0,37
Latitude 170;1;1;1;1;1;1;1;1;1;1;1;1;1
Latitude 175;0,99;1;1,02;1,03;1,05;1,05;1,04;1,03;1,02;1;0,99;0,98;1,02
Latitude 1710;0,97;1;1,03;1,06;1,08;1,08;1,07;1,05;1,02;1;0,97;0,96;1,02
Latitude 1715;0,95;0,98;1,03;1,08;1,12;1,12;1,1;1,07;1,03;0,98;0,95;0,93;1,03
Latitude 1720;0,92;0,96;1,03;1,1;1,14;1,14;1,12;1,08;1,02;0,96;0,92;0,9;1,02
Latitude 1725;0,88;0,94;1,02;1,1;1,16;1,16;1,13;1,08;1,01;0,94;0,88;0,86;1,01
Latitude 1730;0,84;0,91;1;1,1;1,17;1,17;1,13;1,07;0,99;0,91;0,84;0,81;1
Latitude 1735;0,79;0,87;0,98;1,09;1,17;1,17;1,13;1,06;0,97;0,87;0,79;0,76;0,97
Latitude 1740;0,73;0,82;0,95;1,08;1,16;1,17;1,12;1,05;0,94;0,83;0,74;0,7;0,94
Latitude 1745;0,67;0,77;0,91;1,05;1,15;1,16;1,11;1,02;0,9;0,78;0,68;0,64;0,9
Latitude 1750;0,61;0,72;0,87;1,02;1,13;1,14;1,08;0,99;0,86;0,72;0,61;0,57;0,86
Latitude 1755;0,54;0,65;0,82;0,98;1,1;1,12;1,06;0,95;0,81;0,66;0,55;0,5;0,81
Latitude 1760;0,47;0,59;0,76;0,94;1,06;1,08;1,02;0,91;0,76;0,6;0,48;0,43;0,76
Latitude 1765;0,39;0,52;0,7;0,89;1,02;1,04;0,98;0,86;0,7;0,53;0,4;0,35;0,7
Latitude 1770;0,32;0,45;0,64;0,83;0,97;1;0,93;0,81;0,64;0,46;0,33;0,27;0,64
Latitude 1775;0,24;0,37;0,57;0,77;0,92;0,95;0,88;0,75;0,58;0,39;0,25;0,19;0,57
Latitude 1780;0,16;0,3;0,5;0,71;0,86;0,89;0,82;0,69;0,51;0,32;0,17;0,11;0,5
Latitude 1785;0,09;0,22;0,42;0,64;0,79;0,83;0,76;0,62;0,44;0,24;0,1;0,09;0,44
Latitude 1790;0,08;0,14;0,34;0,56;0,72;0,76;0,69;0,55;0,36;0,16;0,09;0,08;0,38
Latitude 180;1;1;1;1;1;1;1;1;1;1;1;1;1
Latitude 185;0,99;1;1,02;1,04;1,05;1,05;1,04;1,03;1,02;1;0,99;0,99;1,02
Latitude 1810;0,97;1;1,03;1,07;1,09;1,09;1,07;1,05;1,03;1;0,97;0,97;1,03
Latitude 1815;0,95;0,99;1,04;1,09;1,12;1,12;1,1;1,07;1,03;0,99;0,95;0,94;1,03
Latitude 1820;0,92;0,97;1,04;1,1;1,15;1,15;1,12;1,08;1,03;0,97;0,92;0,9;1,03
Latitude 1825;0,89;0,94;1,03;1,11;1,16;1,17;1,13;1,08;1,02;0,94;0,89;0,86;1,02
Latitude 1830;0,84;0,91;1,01;1,11;1,17;1,18;1,14;1,08;1;0,91;0,85;0,82;1
Latitude 1835;0,79;0,87;0,99;1,1;1,18;1,18;1,14;1,07;0,98;0,88;0,8;0,77;0,98
Latitude 1840;0,74;0,83;0,96;1,09;1,17;1,18;1,13;1,05;0,95;0,83;0,75;0,71;0,95
Latitude 1845;0,68;0,78;0,92;1,06;1,16;1,17;1,12;1,03;0,91;0,79;0,69;0,65;0,91
Latitude 1850;0,62;0,73;0,88;1,03;1,14;1,15;1,1;1;0,87;0,73;0,63;0,58;0,87
Latitude 1855;0,55;0,67;0,83;1;1,11;1,13;1,07;0,96;0,82;0,67;0,56;0,51;0,82
Latitude 1860;0,48;0,6;0,78;0,96;1,08;1,1;1,03;0,92;0,77;0,61;0,49;0,44;0,77
Latitude 1865;0,41;0,53;0,72;0,91;1,04;1,06;0,99;0,87;0,72;0,55;0,42;0,36;0,72
Latitude 1870;0,33;0,46;0,65;0,85;0,99;1,01;0,94;0,82;0,65;0,48;0,34;0,29;0,65
Latitude 1875;0,25;0,39;0,58;0,79;0,94;0,96;0,89;0,76;0,59;0,4;0,26;0,21;0,59
Latitude 1880;0,17;0,31;0,51;0,72;0,88;0,91;0,83;0,7;0,52;0,33;0,19;0,13;0,52
Latitude 1885;0,09;0,13;0,44;0,65;0,81;0,84;0,77;0,64;0,45;0,25;0,11;0,09;0,44
Latitude 1890;0,08;0,15;0,36;0,58;0,74;0,78;0,71;0,57;0,38;0,18;0,09;0,8;0,45
Latitude 190;1;1;1;1;1;1;1;1;1;1;1;1;1
Latitude 195;0,99;1;1,02;1,04;1,05;1,05;1,04;1,03;1,02;1;0,99;0,99;1,02
Latitude 1910;0,98;1;1,03;1,07;1,09;1,09;1,08;1,06;1,03;1;0,98;0,97;1,03
Latitude 1915;0,95;0,99;1,04;1,09;1,12;1,13;1,1;1,07;1,03;0,99;0,96;0,94;1,03
Latitude 1920;0,93;0,97;1,04;1,11;1,15;1,15;1,13;1,09;1,03;0,97;0,93;0,91;1,03
Latitude 1925;0,89;0,95;1,03;1,12;1,17;1,17;1,14;1,09;1,02;0,95;0,89;0,87;1,02
Latitude 1930;0,85;0,92;1,02;1,12;1,18;1,19;1,15;1,09;1,01;0,92;0,85;0,83;1,01
Latitude 1935;0,8;0,88;1;1,11;1,19;1,19;1,15;1,08;0,99;0,88;0,81;0,78;0,99
Latitude 1940;0,75;0,84;0,97;1,1;1,19;1,19;1,14;1,06;0,96;0,84;0,75;0,72;0,96
Latitude 1945;0,69;0,79;0,93;1,08;1,17;1,18;1,13;1,04;0,92;0,8;0,7;0,66;0,92
Latitude 1950;0,63;0,74;0,89;1,05;1,16;1,17;1,11;1,01;0,88;0,74;0,64;0,59;0,88
Latitude 1955;0,56;0,68;0,84;1,01;1,13;1,14;1,08;0,98;0,84;0,69;0,57;0,52;0,84
Latitude 1960;0,49;0,62;0,79;0,97;1,1;1,11;1,05;0,93;0,78;0,62;0,5;0,45;0,78
Latitude 1965;0,42;0,55;0,73;0,92;1,05;1,07;1,01;0,89;0,73;0,56;0,43;0,38;0,73
Latitude 1970;0,34;0,48;0,67;0,87;1,01;1,03;0,96;0,84;0,67;0,49;0,35;0,3;0,67
Latitude 1975;0,27;0,4;0,6;0,81;0,95;0,98;0,91;0,78;0,6;0,42;0,28;0,22;0,6
Latitude 1980;0,19;0,33;0,53;0,74;0,89;0,92;0,85;0,72;0,53;0,34;0,2;0,14;0,53
Latitude 1985;0,11;0,25;0,45;0,67;0,83;0,86;0,79;0,65;0,46;0,27;0,12;0,09;0,46
Latitude 1990;0,08;0,17;0,37;0,6;0,76;0,79;0,72;0,58;0,39;0,19;0,09;0,08;0,4
Latitude 200;1;1;1;1;1;1;1;1;1;1;1;1;1
Latitude 205;0,99;1,01;1,02;1,04;1,05;1,05;1,04;1,03;1,02;1;0,99;0,99;1,02
Latitude 2010;0,98;1;1,04;1,07;1,09;1,09;1,08;1,06;1,03;1;0,98;0,97;1,03
Latitude 2015;0,96;0,99;1,04;1,1;1,13;1,13;1,11;1,08;1,04;0,99;0,96;0,95;1,04
Latitude 2020;0,93;0,98;1,05;1,11;1,16;1,16;1,13;1,09;1,04;0,98;0,93;0,91;1,04
Latitude 2025;0,9;0,96;1,04;1,12;1,18;1,18;1,15;1,1;1,03;0,96;0,9;0,88;1,03
Latitude 2030;0,86;0,93;1,03;1,13;1,19;1,2;1,16;1,1;1,01;0,93;0,86;0,83;1,02
Latitude 2035;0,81;0,89;1;1,12;1,2;1,2;1,16;1,09;0,99;0,89;0,81;0,78;1
Latitude 2040;0,76;0,85;0,98;1,11;1,2;1,2;1,15;1,07;0,97;0,85;0,76;0,73;0,97
Latitude 2045;0,7;0,8;0,94;1,09;1,19;1,2;1,14;1,05;0,93;0,81;0,71;0,67;0,94
Latitude 2050;0,64;0,75;0,9;1,06;1,17;1,18;1,12;1,02;0,89;0,75;0,65;0,6;0,89
Latitude 2055;0,58;0,69;0,86;1,03;1,14;1,16;1,09;0,99;0,85;0,7;0,58;0,54;0,85
Latitude 2060;0,51;0,63;0,8;0,99;1,11;1,13;1,06;0,95;0,8;0,64;0,51;0,46;0,8
Latitude 2065;0,43;0,56;0,74;0,94;1,07;1,09;1,02;0,9;0,74;0,57;0,44;0,39;0,74
Latitude 2070;0,36;0,49;0,68;0,88;1,03;1,05;0,97;0,85;0,68;0,5;0,37;0,31;0,68
Latitude 2075;0,28;0,42;0,61;0,82;0,97;1;0,92;0,79;0,62;0,43;0,29;0,23;0,62
Latitude 2080;0,2;0,34;0,54;0,76;0,91;0,94;0,87;0,73;0,55;0,36;0,21;0,16;0,55
Latitude 2085;0,12;0,26;0,47;0,69;0,85;0,88;0,8;0,67;0,48;0,28;0,13;0,09;0,48
Latitude 2090;0,08;0,18;0,39;0,61;0,78;0,81;0,74;0,6;0,4;0,2;0,09;0,08;0,41
Latitude 210;1;1;1;1;1;1;1;1;1;1;1;1;1
Latitude 215;0,99;1,01;1,02;1,04;1,05;1,05;1,04;1,03;1,02;1,01;0,99;0,99;1,02
Latitude 2110;0,98;1,01;1,04;1,07;1,1;1,1;1,08;1,06;1,03;1,01;0,98;0,97;1,04
Latitude 2115;0,96;1;1,05;1,1;1,13;1,13;1,11;1,08;1,04;1;0,96;0,95;1,04
Latitude 2120;0,94;0,98;1,05;1,12;1,16;1,16;1,14;1,1;1,04;0,98;0,94;0,92;1,04
Latitude 2125;0,9;0,96;1,05;1,13;1,19;1,19;1,15;1,1;1,03;0,96;0,91;0,88;1,04
Latitude 2130;0,86;0,93;1,03;1,14;1,2;1,2;1,16;1,1;1,02;0,93;0,87;0,84;1,02
Latitude 2135;0,82;0,9;1,01;1,13;1,21;1,21;1,17;1,1;1;0,9;0,82;0,79;1,01
Latitude 2140;0,77;0,86;0,99;1,12;1,21;1,21;1,16;1,08;0,98;0,86;0,77;0,74;0,98
Latitude 2145;0,71;0,81;0,95;1,1;1,2;1,21;1,15;1,06;0,94;0,82;0,72;0,68;0,95
Latitude 2150;0,65;0,76;0,91;1,08;1,18;1,19;1,13;1,03;0,9;0,76;0,66;0,62;0,91
Latitude 2155;0,59;0,7;0,87;1,04;1,16;1,17;1,11;1;0,86;0,71;0,59;0,55;0,86
Latitude 2160;0,52;0,64;0,82;1;1,13;1,14;1,07;0,96;0,81;0,65;0,53;0,48;0,81
Latitude 2165;0,45;0,57;0,76;0,95;1,09;1,11;1,03;0,91;0,75;0,58;0,45;0,4;0,75
Latitude 2170;0,37;0,5;0,7;0,9;1,04;1,06;0,99;0,86;0,69;0,52;0,38;0,33;0,7
Latitude 2175;0,29;0,43;0,63;0,84;0,99;1,02;0,94;0,81;0,63;0,44;0,3;0,25;0,63
Latitude 2180;0,22;0,36;0,56;0,78;0,93;0,96;0,88;0,75;0,56;0,37;0,23;0,17;0,56
Latitude 2185;0,14;0,28;0,48;0,71;0,87;0,9;0,82;0,68;0,49;0,3;0,15;0,09;0,49
Latitude 2190;0,08;0,2;0,41;0,63;0,8;0,83;0,75;0,61;0,42;0,22;0,09;0,08;0,43
Latitude 220;1;1;1;1;1;1;1;1;1;1;1;1;1
Latitude 225;1;1,01;1,02;1,04;1,05;1,05;1,04;1,03;1,02;1,01;1;0,99;1,02
Latitude 2210;0,98;1,01;1,04;1,08;1,1;1,1;1,08;1,06;1,04;1,01;0,98;0,98;1,04
Latitude 2215;0,97;1;1,05;1,11;1,14;1,14;1,12;1,09;1,04;1;0,97;0,95;1,05
Latitude 2220;0,94;0,99;1,06;1,13;1,17;1,17;1,14;1,1;1,05;0,99;0,94;0,92;1,05
Latitude 2225;0,91;0,97;1,05;1,14;1,2;1,2;1,16;1,11;1,04;0,97;0,91;0,89;1,05
Latitude 2230;0,87;0,94;1,04;1,14;1,21;1,21;1,17;1,11;1,03;0,94;0,87;0,85;1,03
Latitude 2235;0,83;0,91;1,02;1,14;1,22;1,22;1,17;1,1;1,01;0,91;0,83;0,8;1,01
Latitude 2240;0,78;0,87;1;1,13;1,22;1,23;1,17;1,09;0,98;0,87;0,78;0,75;0,99
Latitude 2245;0,72;0,82;0,97;1,11;1,21;1,22;1,16;1,07;0,95;0,83;0,73;0,69;0,96
Latitude 2250;0,66;0,77;0,93;1,09;1,2;1,21;1,14;1,04;0,91;0,78;0,67;0,63;0,92
Latitude 2255;0,6;0,72;0,88;1,06;1,18;1,19;1,12;1,01;0,87;0,72;0,61;0,56;0,88
Latitude 2260;0,53;0,65;0,83;1,02;1,15;1,16;1,09;0,97;0,82;0,66;0,54;0,49;0,83
Latitude 2265;0,46;0,59;0,77;0,97;1,11;1,12;1.085;0,93;0,77;0,6;0,47;0,42;91,1
Latitude 2270;0,39;0,52;0,71;0,92;1,06;1,08;1;0,88;0,71;0,53;0,39;0,34;0,71
Latitude 2275;0,31;0,45;0,65;0,86;1,01;1,03;0,95;0,82;0,64;0,46;0,32;0,26;0,65
Latitude 2280;0,23;0,37;0,57;0,79;0,95;0,98;0,9;0,76;0,58;0,39;0,24;0,18;0,58
Latitude 2285;0,15;0,29;0,5;0,73;0,89;0,92;0,84;0,7;0,51;0,31;0,16;0,1;0,51
Latitude 2290;0,08;0,21;0,42;0,65;0,82;0,85;0,77;0,63;0,43;0,23;0,09;0,08;0,44
Latitude 230;1;1;1;1;1;1;1;1;1;1;1;1;1
Latitude 235;1;1,01;1,03;1,04;1,05;1,05;1,05;1,04;1,02;1,01;1;0,99;1,02
Latitude 2310;0,99;1,01;1,05;1,08;1,1;1,1;1,09;1,07;1,04;1,01;0,99;0,98;1,04
Latitude 2315;0,97;1,01;1,06;1,11;1,14;1,14;1,12;1,09;1,05;1;0,97;0,96;1,05
Latitude 2320;0,95;0,99;1,06;1,13;1,18;1,18;1,15;1,11;1,05;0,99;0,95;0,93;1,06
Latitude 2325;0,92;0,98;1,06;1,15;1,2;1,2;1,17;1,11;1,05;0,97;0,92;0,9;1,05
Latitude 2330;0,88;0,95;1,05;1,15;1,22;1,22;1,18;1,12;1,04;0,95;0,88;0,86;1,04
Latitude 2335;0,84;0,92;1,03;1,15;1,23;1,23;1,18;1,11;1,02;0,92;0,84;0,81;1,02
Latitude 2340;0,79;0,88;1,01;1,14;1,23;1,24;1,18;1,1;0,99;0,88;0,79;0,76;1
Latitude 2345;0,73;0,83;0,98;1,13;1,23;1,23;1,17;1,08;0,96;0,84;0,74;0,7;0,97
Latitude 2350;0,68;0,78;0,94;1,1;1,21;1,22;1,16;1,06;0,92;0,79;0,68;0,64;0,93
Latitude 2355;0,61;0,73;0,89;1,07;1,19;1,2;1,13;1,02;0,88;0,73;0,62;0,57;0,89
Latitude 2360;0,54;0,67;0,84;1,03;1,16;1,18;1,1;0,99;0,83;0,67;0,55;0,5;0,84
Latitude 2365;0,47;0,6;0,79;0,99;1,13;1,14;1,06;0,94;0,78;0,61;0,48;0,43;0,79
Latitude 2370;0,4;0,53;0,73;0,94;1,08;1,1;1,02;0,89;0,72;0,54;0,41;0,35;0,73
Latitude 2375;0,32;0,46;0,66;0,88;1,03;1,05;0,97;0,84;0,66;0,47;0,33;0,28;0,66
Latitude 2380;0,24;0,39;0,59;0,81;0,97;1;0,91;0,78;0,59;0,4;0,26;0,2;0,6
Latitude 2385;0,17;0,31;0,52;0,74;0,91;0,94;0,85;0,71;0,52;0,32;0,18;0,12;0,52
Latitude 2390;0,08;0,23;0,44;0,67;0,84;0,87;0,79;0,64;0,45;0,25;0,1;0,08;0,45
Latitude 240;1;1;1;1;1;1;1;1;1;1;1;1;1
Latitude 245;1;1,01;1,03;1,05;1,06;1,06;1,05;1,04;1,02;1,01;1;0,99;1,03
Latitude 2410;0,99;1,01;1,05;1,08;1,11;1,11;1,09;1,07;1,04;1,01;0,99;0,98;1,04
Latitude 2415;0,97;1,01;1,06;1,11;1,15;1,15;1,12;1,09;1,05;1,01;0,97;0,96;1,05
Latitude 2420;0,95;1;1,07;1,14;1,18;1,18;1,15;1,11;1,06;1;0,95;0,93;1,06
Latitude 2425;0,92;0,98;1,07;1,15;1,21;1,21;1,17;1,12;1,05;0,98;0,92;0,9;1,06
Latitude 2430;0,89;0,96;1,06;1,16;1,23;1,23;1,19;1,12;1,04;0,96;0,89;0,86;1,05
Latitude 2435;0,85;0,93;1,04;1,16;1,24;1,24;1,19;1,12;1,03;0,92;0,85;0,82;1,03
Latitude 2440;0,8;0,89;1,02;1,16;1,25;1,25;1,19;1,11;1;0,89;0,8;0,77;1,01
Latitude 2445;0,74;0,84;0,99;1,14;1,24;1,25;1,18;1,09;0,97;0,84;0,75;0,71;0,98
Latitude 2450;0,69;0,79;0,95;1,12;1,23;1,24;1,17;1,07;0,94;0,8;0,69;0,65;0,95
Latitude 2455;0,62;0,74;0,91;1,09;1,21;1,22;1,15;1,04;0,89;0,74;0,63;0,58;0,9
Latitude 2460;0,56;0,68;0,86;1,05;1,18;1,19;1,12;1;0,85;0,68;0,56;0,52;0,85
Latitude 2465;0,49;0,62;0,8;1;1,14;1,16;1,08;0,96;0,79;0,62;0,49;0,44;0,8
Latitude 2470;0,41;0,55;0,74;0,95;1,1;1,12;1,04;0,91;0,73;0,56;0,42;0,37;0,74
Latitude 2475;0,34;0,48;0,68;0,9;1,05;1,07;0,99;0,85;0,67;0,49;0,35;0,29;0,68
Latitude 2480;0,26;0,4;0,61;0,83;0,99;1,02;0,93;0,79;0,6;0,41;0,27;0,21;0,61
Latitude 2485;0,18;0,32;0,53;0,76;0,93;0,96;0,87;0,73;0,53;0,34;0,19;0,13;0,54
Latitude 2490;0,1;0,24;0,46;0,69;0,86;0,89;0,81;0,66;0,46;0,26;0,11;0,08;0,47
Latitude 250;1;1;1;1;1;1;1;1;1;1;1;1;1
Latitude 255;1;1,01;1,03;1,05;1,06;1,06;1,05;1,04;1,03;1,01;1;1;1,03
Latitude 2510;0,99;1,02;1,05;1,09;1,11;1,11;1,09;1,07;1,04;1,01;0,99;0,98;1,05
Latitude 2515;0,98;1,01;1,07;1,12;1,15;1,15;1,13;1,1;1,06;1,01;0,98;0,96;1,06
Latitude 2520;0,96;1;1,07;1,14;1,19;1,19;1,16;1,12;1,06;1;0,96;0,94;1,07
Latitude 2525;0,93;0,99;1,07;1,16;1,22;1,22;1,18;1,13;1,06;0,99;0,93;0,91;1,07
Latitude 2530;0,89;0,96;1,07;1,17;1,24;1,24;1,19;1,13;1,05;0,96;0,9;0,87;1,06
Latitude 2535;0,85;0,93;1,05;1,17;1,25;1,26;1,2;1,13;1,03;0,93;0,86;0,83;1,04
Latitude 2540;0,81;0,9;1,03;1,17;1,26;1,26;1,2;1,12;1,01;0,9;0,81;0,78;1,02
Latitude 2545;0,76;0,86;1;1,15;1,26;1,26;1,2;1,1;0,98;0,85;0,76;0,72;0,99
Latitude 2550;0,7;0,81;0,96;1,13;1,25;1,25;1,18;1,08;0,95;0,81;0,7;0,66;0,96
Latitude 2555;0,64;0,75;0,92;1,1;1,23;1,23;1,16;1,05;0,91;0,75;0,64;0,6;0,92
Latitude 2560;0,57;0,69;0,87;1,07;1,2;1,21;1,13;1,01;0,86;0,7;0,58;0,53;0,87
Latitude 2565;0,5;0,63;0,82;1,02;1,16;1,18;1,09;0,97;0,81;0,63;0,51;0,46;0,82
Latitude 2570;0,43;0,56;0,76;0,97;1,12;1,14;1,05;0,92;0,75;0,57;0,43;0,38;0,76
Latitude 2575;0,35;0,49;0,69;0,91;1,07;1,09;1;0,87;0,69;0,5;0,36;0,31;0,69
Latitude 2580;0,27;0,42;0,62;0,85;1,01;1,04;0,95;0,81;0,62;0,43;0,28;0,23;0,63
Latitude 2585;0,19;0,34;0,55;0,78;0,95;0,98;0,89;0,74;0,55;0,35;0,21;0,15;0,56
Latitude 2590;0,11;0,26;0,47;0,71;0,88;0,91;0,82;0,67;0,48;0,28;0,13;0,08;0,48
Latitude 260;1;1;1;1;1;1;1;1;1;1;1;1;1
Latitude 265;1;1,01;1,03;1,05;1,06;1,06;1,05;1,04;1,03;1,01;1;1;1,03
Latitude 2610;0,99;1,02;1,05;1,09;1,11;1,11;1,09;1,07;1,05;1,02;0,99;0,99;1,05
Latitude 2615;0,98;1,02;1,07;1,12;1,16;1,16;1,13;1,1;1,06;1,02;0,98;0,97;1,06
Latitude 2620;0,96;1,01;1,08;1,15;1,2;1,2;1,16;1,12;1,07;1,01;0,96;0,94;1,07
Latitude 2625;0,93;0,99;1,08;1,17;1,23;1,23;1,19;1,13;1,06;0,99;0,94;0,91;1,07
Latitude 2630;0,9;0,97;1,07;1,18;1,25;1,25;1,2;1,14;1,06;0,97;0,9;0,88;1,06
Latitude 2635;0,86;0,94;1,06;1,18;1,27;1,27;1,21;1,14;1,04;0,94;0,86;0,83;1,05
Latitude 2640;0,82;0,91;1,04;1,18;1,27;1,27;1,21;1,13;1,02;0,91;0,82;0,79;1,03
Latitude 2645;0,77;0,87;1,01;1,17;1,27;1,27;1,21;1,11;0,99;0,86;0,77;0,73;1
Latitude 2650;0,71;0,82;0,98;1,15;1,26;1,27;1,19;1,09;0,96;0,82;0,71;0,67;0,97
Latitude 2655;0,65;0,76;0,94;1,12;1,24;1,25;1,17;1,06;0,92;0,77;0,65;0,61;0,93
Latitude 2660;0,58;0,71;0,89;1,08;1,22;1,23;1,15;1,03;0,87;0,71;0,59;0,54;0,88
Latitude 2665;0,51;0,64;0,83;1,04;1,18;1,19;1,11;0,98;0,82;0,65;0,52;0,47;0,83
Latitude 2670;0,44;0,58;0,77;0,99;1,14;1,16;1,07;0,94;0,76;0,58;0,45;0,4;0,77
Latitude 2675;0,37;0,5;0,71;0,93;1,09;1,11;1,02;0,88;0,7;0,51;0,37;0,32;0,71
Latitude 2680;0,29;0,43;0,64;0,87;1,04;1,06;0,97;0,82;0,63;0,44;0,3;0,24;0,64
Latitude 2685;0,21;0,35;0,57;0,8;0,97;1;0,91;0,76;0,56;0,37;0,22;0,16;0,57
Latitude 2690;0,13;0,27;0,49;0,73;0,9;0,93;0,84;0,69;0,49;0,29;0,14;0,08;0,5
Latitude 270;1;1;1;1;1;1;1;1;1;1;1;1;1
Latitude 275;1;1,01;1,03;1,05;1,06;1,06;1,05;1,04;1,03;1,01;1;1;1,03
Latitude 2710;1;1,02;1,06;1,09;1,12;1,11;1,1;1,08;1,05;1,02;1;0,99;1,05
Latitude 2715;0,99;1,02;1,07;1,13;1,16;1,16;1,14;1,1;1,06;1,02;0,99;0,97;1,07
Latitude 2720;0,97;1,01;1,08;1,16;1,21;1,2;1,17;1,13;1,07;1,01;0,97;0,95;1,08
Latitude 2725;0,94;1;1,09;1,18;1,24;1,24;1,19;1,14;1,07;1;0,94;0,92;1,08
Latitude 2730;0,91;0,98;1,08;1,19;1,26;1,26;1,21;1,15;1,06;0,98;0,91;0,88;1,07
Latitude 2735;0,87;0,95;1,07;1,2;1,28;1,28;1,22;1,15;1,05;0,95;0,87;0,84;1,06
Latitude 2740;0,83;0,92;1,05;1,19;1,29;1,29;1,22;1,14;1,03;0,91;0,83;0,79;1,04
Latitude 2745;0,78;0,88;1,02;1,18;1,29;1,29;1,22;1,12;1;0,87;0,78;0,74;1,01
Latitude 2750;0,72;0,83;0,99;1,16;1,28;1,28;1,21;1,1;0,97;0,83;0,72;0,68;0,98
Latitude 2755;0,66;0,78;0,95;1,13;1,26;1,27;1,19;1,07;0,93;0,78;0,66;0,62;0,94
Latitude 2760;0,6;0,72;0,9;1,1;1,24;1,24;0,16;1,04;0,88;0,72;0,6;0,55;0,81
Latitude 2765;0,53;0,66;0,85;1,06;1,2;1,21;1,13;1;0,83;0,66;0,53;0,48;0,85
Latitude 2770;0,45;0,59;0,79;1,01;1,16;1,17;1,09;0,95;0,78;0,6;0,46;0,41;0,79
Latitude 2775;0,38;0,52;0,73;0,95;0,11;1,13;1,04;0,9;0,71;0,53;0,39;0,33;0,64
Latitude 2780;0,3;0,45;0,66;0,89;1,06;1,08;0,98;0,84;0,65;0,45;0,31;0,26;0,66
Latitude 2785;0,22;0,37;0,58;0,82;1;1,02;0,93;0,78;0,58;0,38;0,23;0,18;0,59
Latitude 2790;0,14;0,29;0,51;0,75;0,93;0,95;0,86;0,71;0,51;0,3;0,15;0,1;0,52
Latitude 280;1;1;1;1;1;1;1;1;1;1;1;1;1
Latitude 285;1;1,02;1,03;1,05;1,06;1,06;1,05;1,04;1,03;1,01;1;1;1,03
Latitude 2810;1;1,02;1,06;1,1;1,12;1,12;1,1;1,08;1,05;1,02;1;0,99;1,06
Latitude 2815;0,99;1,03;1,08;1,13;1,17;1,17;1,14;1,11;1,07;1,02;0,99;0,98;1,07
Latitude 2820;0,97;1,02;1,09;1,16;1,21;1,21;1,17;1,13;1,08;1,02;0,97;0,95;1,08
Latitude 2825;0,95;1,01;1,09;1,19;1,25;1,24;1,2;1,15;1,08;1;0,95;0,93;1,09
Latitude 2830;0,92;0,99;1,09;1,2;1,27;1,27;1,22;1,15;1,07;0,98;0,92;0,89;1,08
Latitude 2835;0,88;0,96;1,08;1,21;1,29;1,29;1,23;1,16;1,06;0,96;0,88;0,85;1,07
Latitude 2840;0,84;0,93;1,06;1,21;1,3;1,3;1,24;1,15;1,04;0,92;0,84;0,8;1,05
Latitude 2845;0,79;0,89;1,04;1,2;1,3;1,3;1,23;1,14;1,01;0,89;0,79;0,75;1,03
Latitude 2850;0,73;0,84;1;1,18;1,3;1,3;1,22;1,12;0,98;0,84;0,73;0,69;0,99
Latitude 2855;0,67;0,79;0,96;1,15;1,28;1,28;1,2;1,09;0,94;0,79;0,68;0,63;0,96
Latitude 2860;0,61;0,73;0,92;1,12;1,26;1,26;1,18;1,05;0,9;0,73;0,61;0,57;0,91
Latitude 2865;0,54;0,67;0,86;1,08;1,22;1,23;1,14;1,01;0,85;0,67;0,55;0,5;0,86
Latitude 2870;0,47;0,6;0,81;1,03;1,18;1,19;1,1;0,97;0,79;0,61;0,48;0,42;0,8
Latitude 2875;0,39;0,53;0,74;0,97;1,14;1,15;1,06;0,91;0,73;0,54;0,4;0,35;0,74
Latitude 2880;0,32;0,46;0,67;0,91;1,08;1,1;1;0,86;0,66;0,47;0,33;0,27;0,68
Latitude 2885;0,24;0,38;0,6;0,84;1,02;1,04;0,94;0,79;0,59;0,39;0,25;0,19;0,61
Latitude 2890;0,16;0,31;0,53;0,77;0,95;0,98;0,88;0,72;0,52;0,32;0,17;0,11;0,54
Latitude 290;1;1;1;1;1;1;1;1;1;1;1;1;1
Latitude 295;1;1,02;12,03;1,05;1,07;1,06;1,05;1,04;1,03;1,02;1;1;1,95
Latitude 2910;1;1,03;1,06;1,1;1,12;1,12;1,1;1,08;1,05;1,02;1;0,99;1,06
Latitude 2915;0,99;1,03;1,08;1,14;1,18;1,17;1,15;1,11;1,07;1,03;0,99;0,98;1,08
Latitude 2920;0,98;1,03;1,1;1,17;1,22;1,22;1,18;1,14;1,08;1,02;0,98;0,96;1,09
Latitude 2925;0,95;1,01;1,1;1,2;1,26;1,25;1,21;1,15;1,08;1,01;0,95;0,93;1,09
Latitude 2930;0,92;1;1,1;1,21;1,28;1,28;1,23;1,16;1,08;0,99;0,92;0,9;1,09
Latitude 2935;0,89;0,97;1,09;1,22;1,3;1,3;1,24;1,17;1,07;0,97;0,89;0,86;1,08
Latitude 2940;0,85;0,94;1,07;1,22;1,32;1,31;1,25;1,16;1,05;0,93;0,85;0,81;1,06
Latitude 2945;0,8;0,9;1,05;1,21;1,32;1,32;1,24;1,15;1,02;0,9;0,8;0,76;1,04
Latitude 2950;0,74;0,85;1,02;119;1,31;1,31;1,23;1,13;0,99;0,85;0,75;0,71;10,82
Latitude 2955;0,68;0,8;0,98;1,17;1,3;1,3;1,22;1,1;0,95;0,8;0,69;0,64;0,97
Latitude 2960;0,62;0,75;0,93;1,14;1,28;1,28;1,19;1,07;0,91;0,75;0,63;0,58;0,93
Latitude 2965;0,55;0,69;0,88;1,1;1,24;1,25;1,16;1,03;0,86;0,69;0,56;0,51;0,88
Latitude 2970;0,48;0,62;0,82;1,05;1,2;1,22;1,12;0,98;0,8;0,62;0,49;0,44;0,82
Latitude 2975;0,41;0,55;0,76;0,99;1,16;1,17;1,07;0,93;0,74;0,55;0,42;0,36;0,76
Latitude 2980;0,33;0,48;0,69;0,93;1,1;1,12;1,02;0,87;0,68;0,48;0,34;0,28;0,69
Latitude 2985;0,25;0,4;0,62;0,87;1,04;1,06;0,96;0,81;0,61;0,41;0,26;0,21;0,63
Latitude 2990;0,17;0,32;0,54;0,79;0,97;1;0,9;0,74;0,54;0,33;0,18;0,13;0,55
Latitude 300;1;1;1;1;1;1;1;1;1;1;1;1;1
Latitude 305;1,01;1,02;1,04;1,06;1,07;1,07;1,06;1,05;1,03;1,02;1,01;1;1,04
Latitude 3010;1;1,03;1,07;1,1;1,13;1,12;1,11;1,08;1,06;1,03;1;1;1,06
Latitude 3015;1;1,03;1,09;1,15;1,18;1,18;1,15;1,12;1,07;1,03;1;0,98;1,08
Latitude 3020;0,98;1,03;1,1;1,18;1,23;1,22;1,19;1,14;1,09;1,03;0,98;0,96;1,09
Latitude 3025;0,96;1,02;1,11;1,2;1,27;1,26;1,22;1,16;1,09;1,02;0,96;0,94;1,1
Latitude 3030;0,93;1;1,11;1,22;1,3;1,29;1,24;1,17;1,09;1;0,93;0,91;1,1
Latitude 3035;0,9;0,98;1,1;1,23;1,32;1,31;1,25;1,17;1,08;0,97;0,9;0,87;1,09
Latitude 3040;0,85;0,95;1,08;1,23;1,33;1,33;1,26;1,17;1,06;0,94;0,86;0,82;1,07
Latitude 3045;0,81;0,91;1,06;1,22;1,33;1,33;1,26;1,16;1,04;0,91;0,81;0,77;1,05
Latitude 3050;0,75;0,87;1,03;1,21;1,33;1,33;1,25;1,14;1;0,86;0,76;0,72;1,02
Latitude 3055;0,7;0,82;0,99;1,19;1,32;1,32;1,23;1,12;0,97;0,81;0,7;0,66;0,99
Latitude 3060;0,63;0,76;0,95;1,15;1,3;1,3;1,21;1,08;0,92;0,76;0,64;0,59;0,94
Latitude 3065;0,57;0,7;0,9;1,11;1,27;1,27;1,18;1,04;0,87;0,7;0,57;0,52;0,89
Latitude 3070;0,5;0,63;0,84;1,07;1,23;1,24;1,14;1;0,82;0,64;0,5;0,45;0,84
Latitude 3075;0,42;0,56;0,78;1,01;1,18;1,19;1,09;0,95;0,76;0,57;0,43;0,38;0,78
Latitude 3080;0,35;0,49;0,71;0,95;1,13;1,14;1,04;0,89;0,69;0,5;0,35;0,3;0,71
Latitude 3085;0,27;0,42;0,64;0,89;1,07;1,09;0,98;0,83;0,63;0,42;0,28;0,22;0,65
Latitude 3090;0,19;0,34;0,56;0,81;1;1,02;0,92;0,76;0,55;0,35;0,2;0,14;0,57
Latitude 310;1;1;1;1;1;1;1;1;1;1;1;1;1
Latitude 315;1,01;1,02;1,04;1,06;1,07;1,07;1,06;1,05;1,03;1,02;1,01;1;1,04
Latitude 3110;1,01;1,03;1,07;1,11;1,13;1,13;1,11;1,09;1,06;1,03;1,01;1;1,07
Latitude 3115;1;1,04;1,09;1,15;1,19;1,18;1,15;1,12;1,08;1,03;1;0,99;1,09
Latitude 3120;0,99;1,04;1,11;1,19;1,24;1,23;1,19;1,15;1,09;1,03;0,99;0,97;1,1
Latitude 3125;0,97;1,03;1,12;1,21;1,28;1,27;1,22;1,17;1,1;1,02;0,97;0,94;1,11
Latitude 3130;0,94;1,01;1,12;1,23;1,31;1,3;1,25;1,18;1,09;1,01;0,94;0,91;1,11
Latitude 3135;0,9;0,99;1,11;1,24;1,33;1,33;1,26;1,18;1,09;0,98;0,9;0,88;1,1
Latitude 3140;0,86;0,96;1,1;1,25;1,35;1,34;1,27;1,18;1,07;0,95;0,86;0,83;1,09
Latitude 3145;0,82;0,92;1,07;1,24;1,35;1,35;1,27;1,17;1,05;0,92;0,82;0,78;1,06
Latitude 3150;0,77;0,88;1,04;1,23;1,35;1,35;1,26;1,15;1,02;0,87;0,77;0,73;1,04
Latitude 3155;0,71;0,83;1,01;12;1,34;1,34;1,25;1,13;0,98;0,83;0,71;0,67;1,9
Latitude 3160;0,65;0,77;0,96;1,17;1,32;1,32;1,22;1,1;0,94;0,77;0,65;0,6;0,96
Latitude 3165;0,58;0,71;0,91;1,13;1,29;1,29;1,19;1,06;0,89;0,71;0,59;0,54;0,91
Latitude 3170;0,51;0,65;0,86;1,09;1,25;1,26;1,16;1,01;0,83;0,65;0,52;0,46;0,85
Latitude 3175;0,44;0,58;0,79;1,04;1,2;1,21;1,11;0,96;0,77;0,58;0,44;0,39;0,79
Latitude 3180;0,36;0,51;0,73;0,98;1,15;1,17;1,06;0,91;0,71;0,51;0,37;0,31;0,73
Latitude 3185;0,28;0,43;0,66;0,91;1,09;1,11;1;0,84;0,64;0,44;0,29;0,23;0,66
Latitude 3190;0,2;0,35;0,58;0,84;1,02;1,05;0,94;0,78;0,57;0,36;0,21;0,16;0,59
Latitude 320;1;1;1;1;1;1;1;1;1;1;1;1;1
Latitude 325;1,01;1,02;1,04;1,06;1,07;1,07;1,06;1,05;1,03;1,02;1,01;1;1,04
Latitude 3210;1,01;1,04;1,07;1,11;1,14;1,13;1,11;1,09;1,06;1,03;1,01;1;1,07
Latitude 3215;1;1,04;1,1;1,16;1,19;1,19;1,16;1,12;1,08;1,04;1;0,99;1,09
Latitude 3220;0,99;1,04;1,11;1,19;1,24;1,24;1,2;1,15;1,1;1,04;0,99;0,97;1,11
Latitude 3225;0,97;1,03;1,12;1,22;1,29;1,28;1,3;1,17;1,1;1,03;0,97;0,95;1,12
Latitude 3230;0,95;1,02;1,13;1,24;1,32;1,31;1,26;1,19;1,1;1,01;0,95;0,92;1,12
Latitude 3235;0,91;1;1,12;1,26;1,34;1,34;1,27;1,19;1,09;0,99;0,91;0,88;1,11
Latitude 3240;0,87;0,97;1,11;1,26;1,36;1,35;1,28;1,19;1,08;0,96;0,87;0,84;1,1
Latitude 3245;0,83;0,93;1,09;1,26;1,37;1,36;1,28;1,18;1,06;0,93;0,83;0,79;1,08
Latitude 3250;0,78;0,89;1,06;1,24;1,37;1,36;1,28;1,17;1,03;0,88;0,78;0,74;1,05
Latitude 3255;0,72;0,84;1,02;1,22;1,36;1,35;1,26;1,14;0,99;0,84;0,72;0,68;1,01
Latitude 3260;0,66;0,79;0,98;1,19;1,34;1,34;1,24;1,11;0,95;0,78;0,66;0,62;0,97
Latitude 3265;0,59;0,73;0,93;1,15;1,31;1,31;1,21;1,07;0,9;0,73;0,6;0,55;0,92
Latitude 3270;0,53;0,66;0,87;1,11;1,27;1,28;1,17;1,03;0,85;0,66;0,53;0,48;0,87
Latitude 3275;0,45;0,6;,,81;1,06;1,23;1,24;1,13;0,98;0,79;0,6;0,46;0,4;0,75
Latitude 3280;0,38;0,52;0,75;1;1,18;1,19;1,08;0,92;0,73;0,53;0,38;0,33;0,75
Latitude 3285;0,3;0,45;0,67;0,93;1,12;1,13;1,02;0,86;0,66;0,45;0,31;0,25;0,68
Latitude 3290;0,22;0,37;0,6;0,86;1,05;1,07;0,96;0,79;0,59;0,38;0,23;0,17;0,61
Latitude 330;1;1;1;1;1;1;1;1;1;1;1;1;1
Latitude 335;1,01;1,02;1,04;1,06;1,07;1,07;1,06;1,05;1,04;1,02;1,01;1,01;1,04
Latitude 3310;1,01;1,04;1,07;1,12;1,14;1,14;1,12;1,09;1,06;1,03;1,01;1;1,07
Latitude 3315;1,01;1,05;1,1;1,16;1,2;1,19;1,16;1,13;1,09;1,04;1,01;1;1,1
Latitude 3320;1;1,05;1,12;1,2;1,25;1,24;1,2;1,16;1,1;1,04;1;0,98;1,11
Latitude 3325;0,98;1,04;1,13;1,23;1,3;1,29;1,24;1,18;1,11;1,03;0,98;0,96;1,12
Latitude 3330;0,95;1,03;1,14;1,25;1,33;1,32;1,26;1,2;1,11;1,02;0,95;0,93;1,12
Latitude 3335;0,92;1,01;1,13;1,27;1,36;1,35;1,28;1,2;1,1;1;0,92;0,89;1,12
Latitude 3340;0,88;0,98;1,12;1,27;1,38;1,37;1,29;1,2;1,09;0,97;0,88;0,85;1,11
Latitude 3345;0,84;0,94;1,1;1,27;1,39;1,38;1,3;1,2;1,07;0,94;0,84;0,8;1,09
Latitude 3350;0,79;0,9;1,07;1,26;1,39;1,38;1,29;1,18;1,04;0,9;0,79;0,75;1,06
Latitude 3355;0,73;0,85;1,04;1,24;1,38;1,37;1,28;1,16;1,01;0,85;0,74;0,69;1,03
Latitude 3360;0,67;0,8;1;1,21;1,36;1,36;1,26;1,13;0,96;0,8;0,68;0,63;0,99
Latitude 3365;0,61;0,74;0,95;1,18;1,33;1,33;1,23;1,09;0,92;0,74;0,61;0,56;0,94
Latitude 3370;0,54;0,68;0,89;1,13;1,3;1,3;1,19;1,05;0,86;0,68;0,54;0,49;0,89
Latitude 3375;0,47;0,61;0,83;1,08;1,25;1,26;1,15;1;0,81;0,61;0,47;0,42;0,83
Latitude 3380;0,39;0,54;0,76;1.032;1,2;1,21;1,1;0,94;0,74;0,54;0,4;0,34;86,68
Latitude 3385;0,31;0,46;0,69;0,95;1,14;1,16;1,04;0,88;0,67;0,47;0,32;0,26;0,7
Latitude 3390;0,23;0,39;0,62;0,88;1,08;1,09;0,98;0,81;0,6;0,39;0,24;0,18;0,62
Latitude 340;1;1;1;1;1;1;1;1;1;1;1;1;1
Latitude 345;1,01;1,02;1,04;1,06;1,07;1,07;1,06;1,05;1,03;1,02;1,01;1;1,04
Latitude 3410;1,01;1,04;1,07;1,11;1,14;1,13;1,11;1,09;1,06;1,03;1,01;1;1,07
Latitude 3415;1;1,04;1,1;1,16;1,19;1,19;1,16;1,12;1,08;1,04;1;0,99;1,09
Latitude 3420;0,99;1,04;1,11;1,19;1,24;1,24;1,2;1,15;1,1;1,04;0,99;0,97;1,11
Latitude 3425;0,97;1,03;1,12;1,22;1,29;1,28;1,3;1,17;1,1;1,03;0,97;0,95;1,12
Latitude 3430;0,95;1,02;1,13;1,24;1,32;1,31;1,26;1,19;1,1;1,01;0,95;0,92;1,12
Latitude 3435;0,91;1;1,12;1,26;1,34;1,34;1,27;1,19;1,09;0,99;0,91;0,88;1,11
Latitude 3440;0,87;0,97;1,11;1,26;1,36;1,35;1,28;1,19;1,08;0,96;0,87;0,84;1,1
Latitude 3445;0,83;0,93;1,09;1,26;1,37;1,36;1,28;1,18;1,06;0,93;0,83;0,79;1,08
Latitude 3450;0,78;0,89;1,06;1,24;1,37;1,36;1,28;1,17;1,03;0,88;0,78;0,74;1,05
Latitude 3455;0,72;0,84;1,02;1,22;1,36;1,35;1,26;1,14;0,99;0,84;0,72;0,68;1,01
Latitude 3460;0,66;0,79;0,98;1,19;1,34;1,34;1,24;1,11;0,95;0,78;0,66;0,62;0,97
Latitude 3465;0,59;0,73;0,93;1,15;1,31;1,31;1,21;1,07;0,9;0,73;0,6;0,55;0,92
Latitude 3470;0,53;0,66;0,87;1,11;1,27;1,28;1,17;1,03;0,85;0,66;0,53;0,48;0,87
Latitude 3475;0,45;0,6;,,81;1,06;1,23;1,24;1,13;0,98;0,79;0,6;0,46;0,4;0,75
Latitude 3480;0,38;0,52;0,75;1;1,18;1,19;1,08;0,92;0,73;0,53;0,38;0,33;0,75
Latitude 3485;0,3;0,45;0,67;0,93;1,12;1,13;1,02;0,86;0,66;0,45;0,31;0,25;0,68
Latitude 3490;0,22;0,37;0,6;0,86;1,05;1,07;0,96;0,79;0,59;0,38;0,23;0,17;0,61
Latitude 350;1;1;1;1;1;1;1;1;1;1;1;1;1
Latitude 355;1,01;1,03;1,04;1,06;1,08;1,07;1,06;1,05;1,04;1,02;1,01;1,01;1,04
Latitude 3510;1,02;1,04;1,08;1,12;1,15;1,14;1,12;1,1;1,07;1,04;1,02;1,01;1,08
Latitude 3515;1,02;1,05;1,11;1,17;1,21;1,21;1,17;1,14;1,09;1,05;1,02;1;1,1
Latitude 3520;1,01;1,06;1,13;1,22;1,27;1,26;1,22;1,17;1,11;1,05;1,01;0,99;1,13
Latitude 3525;0,99;1,05;1,15;1,25;1,32;1,31;1,25;1,2;1,12;1,05;0,99;0,97;1,14
Latitude 3530;0,97;1,04;1,15;1,28;1,36;1,35;1,28;1,21;1,13;1,04;0,97;0,94;1,14
Latitude 3535;0,94;1,02;1,15;1,29;1,39;1,38;1,31;1,22;1,12;1,02;0,94;0,91;1,14
Latitude 3540;0,9;1;1,14;1,3;1,41;1,4;1,32;1,23;1,11;0,99;0,9;0,87;1,13
Latitude 3545;0,86;0,97;1,13;1,3;1,42;1,41;1,33;1,22;1,09;0,96;0,86;0,82;1,11
Latitude 3550;0,81;0,93;1,1;1,3;1,43;1,42;1,32;1,21;1,07;0,92;0,81;0,77;1,09
Latitude 3555;0,76;0,88;1,07;1,28;1,42;1,41;1,31;1,19;1,03;0,87;0,76;0,72;1,06
Latitude 3560;0,7;0,83;1,03;1,25;1,41;1,4;1,29;1,16;0,99;0,82;0,7;0,66;1,02
Latitude 3565;0,64;0,77;0,98;1,22;1,38;1,38;1,27;1,12;0,95;0,77;0,64;0,59;0,98
Latitude 3570;0,57;0,71;0,93;1,18;1,35;1,35;1,23;1,08;0,9;0,71;0,57;0,52;0,93
Latitude 3575;0,5;0,64;0,87;1,13;1,31;1,31;1,19;1,03;0,84;0,64;0,5;0,45;0,87
Latitude 3580;0,42;0,57;8;1,07;1,26;1,26;1,14;0,98;0,78;0,57;0,43;0,37;1,4
Latitude 3585;0,34;0,5;0,73;1;1,2;1,21;1,09;0,92;0,71;0,5;0,35;0,29;0,74
Latitude 3590;0,26;0,42;0,66;0,93;1,13;1,15;1,02;0,85;0,64;0,42;0,27;0,21;0,66
Latitude 360;1;1;1;1;1;1;1;1;1;1;1;1;1
Latitude 365;1,01;1,03;1,05;1,07;1,08;1,08;1,07;1,05;1,04;1,02;1,01;1,01;1,04
Latitude 3610;1,02;1,05;1,08;1,13;1,15;1,15;1,13;1,1;1,07;1,04;1,02;1,01;1,08
Latitude 3615;1,02;1,06;1,12;1,18;1,22;1,21;1,18;1,14;1,1;1,05;1,02;1,01;1,11
Latitude 3620;1,01;1,06;1,14;1,22;1,28;1,27;1,22;1,18;1,12;1,06;1,01;0,99;1,13
Latitude 3625;1;1,06;1,16;1,26;1,33;1,32;1,26;1,2;1,13;1,05;1;0,98;1,15
Latitude 3630;0,98;1,05;1,16;1,29;1,37;1,36;1,29;1,22;1,13;1,04;0,98;0,95;1,15
Latitude 3635;0,95;1,03;1,16;1,31;1,4;1,39;1,32;1,23;1,13;1,02;0,95;0,92;1,15
Latitude 3640;0,91;1,01;1,16;1,32;1,43;1,41;1,33;1,24;1,12;1;0,91;0,88;1,14
Latitude 3645;0,87;0,98;1,14;1,32;1,44;1,43;1,34;1,23;1,1;0,97;0,87;0,84;1,13
Latitude 3650;0,82;0,94;1,12;1,31;1,45;1,44;1,34;1,22;1,08;0,93;0,82;0,78;1,1
Latitude 3655;0,77;0,9;1,08;1,3;1,44;1,43;1,33;1,2;1,05;0,89;0,77;0,73;1,07
Latitude 3660;0,71;0,84;1,5;1,27;1,43;1,42;1,31;1,17;1,01;0,84;0,71;0,67;1,07
Latitude 3665;0,65;0,79;1;1,24;1,41;1,4;1,29;1,14;0,96;0,78;0,65;0,6;0,99
Latitude 3670;0,58;0,73;0,95;1,2;1,37;1,37;1,25;1,1;0,91;0,72;0,59;0,53;0,94
Latitude 3675;0,51;0,66;0,89;1,15;1,33;1,33;1,21;1,05;0,85;0,66;0,52;0,46;0,89
Latitude 3680;0,44;0,59;0,82;1,09;1,28;1,29;1,16;1;0,79;0,59;0,44;0,39;0,82
Latitude 3685;0,36;0,51;0,75;1,03;1,23;1,23;1,11;0,94;0,73;0,52;0,37;0,31;0,76
Latitude 3690;0,28;0,44;0,68;0,96;1,16;1,17;1,05;0,87;0,65;0,44;0,29;0,23;0,69
Latitude 370;1;1;1;1;1;1;1;1;1;1;1;1;1
Latitude 375;1,02;1,03;1,05;1,07;1,08;1,08;1,07;1,06;1,04;1,03;1,01;1,01;1,05
Latitude 3710;1,02;1,05;1,09;1,13;1,16;1,15;1,13;1,1;1,08;1,05;1,02;1,01;1,08
Latitude 3715;1,02;1,06;1,12;1,19;1,23;1,22;1,18;1,15;1,1;1,06;1,02;1,01;1,11
Latitude 3720;1,02;1,07;1,15;1,23;1,29;1,28;1,23;1,18;1,12;1,06;1,02;1;1,14
Latitude 3725;1;1,07;1,16;1,27;1,34;1,33;1,27;1,21;1,14;1,06;1;0,98;1,15
Latitude 3730;0,98;1,06;1,17;1,3;1,38;1,37;1,3;1,23;1,14;1,05;0,98;0,96;1,16
Latitude 3735;0,96;1,04;1,17;1,32;1,42;1,41;1,33;1,24;1,14;1,03;0,96;0,93;1,16
Latitude 3740;0,92;1,02;1,17;1,34;1,44;1,43;1,35;1,25;1,13;1,01;0,92;0,89;1,16
Latitude 3745;0,88;0,99;1,15;1,34;1,46;1,45;1,35;1,25;1,11;0,98;0,88;0,85;1,14
Latitude 3750;0,84;0,95;1,13;1,33;1,47;1,46;1,35;1,24;1,09;0,94;0,84;0,8;1,12
Latitude 3755;0,78;0,91;1,1;1,32;1,47;1,45;1,35;1,22;1,06;0,9;0,78;0,74;1,09
Latitude 3760;0,73;0,86;1,06;1,3;1,45;1,44;1,33;1,19;1,02;0,85;0,73;0,68;1,05
Latitude 3765;0,66;0,8;1,02;1,26;1,43;1,42;1,31;1,16;0,98;0,8;0,67;0,62;1,01
Latitude 3770;0,6;0,74;0,9;1,22;1,4;1,4;1,27;1,12;0,93;0,74;0,6;0,55;0,96
Latitude 3775;0,53;0,68;0,91;1,17;1,36;1,36;1,23;1,07;0,87;0,67;0,53;0,48;0,91
Latitude 3780;0,45;0,6;0,84;1,12;1,31;1,31;1,19;1,02;0,81;0,6;0,46;0,4;0,84
Latitude 3785;0,38;0,53;0,77;1,05;1,26;1,26;1,13;0,96;0,74;0,53;0,38;0,32;0,78
Latitude 3790;0,3;0,45;0,7;0,98;1,19;1,2;1,07;0,89;0,67;0,46;0,3;0,25;0,71
Latitude 380;1;1;1;1;1;1;1;1;1;1;1;1;1
Latitude 385;1,02;1,03;1,05;1,07;1,08;1,08;1,07;1,06;1,04;1,03;1,02;1,01;1,05
Latitude 3810;1,03;1,05;1,09;1,14;1,16;1,16;1,13;1,11;1,08;1,05;1,02;1,02;1,09
Latitude 3815;1,03;1,07;1,13;1,19;1,23;1,22;1,19;1,15;1,11;1,06;1,03;1,01;1,12
Latitude 3820;1,02;1,07;1,15;1,24;1,3;1,29;1,24;1,19;1,13;1,07;1,02;1,01;1,14
Latitude 3825;1,01;1,08;1,17;1,28;1,35;1,34;1,28;1,22;1,14;1,07;1,01;0,99;1,16
Latitude 3830;0,99;1,07;1,18;1,31;1,4;1,38;1,31;1,24;1,15;1,06;0,99;0,97;1,17
Latitude 3835;0,97;1,05;1,19;1,34;1,43;1,42;1,34;1,25;1,15;1,04;0,96;0,94;1,17
Latitude 3840;0,93;1,03;1,18;1,35;1,46;1,45;1,36;1,26;1,14;1,02;0,93;0,9;1,17
Latitude 3845;0,89;1;1,17;1,36;1,48;1,47;1,37;1,26;1,13;0,99;0,89;0,86;1,16
Latitude 3850;0,85;0,97;1,15;1,35;1,49;1,48;1,37;1,25;1,1;0,96;0,85;0,81;1,14
Latitude 3855;0,8;0,92;1,12;1,34;1,49;1,48;1,36;1,23;1,07;0,91;0,8;0,75;1,11
Latitude 3860;0,74;0,87;1,08;1,32;1,48;1,47;1,35;1,21;1,04;0,86;0,74;0,69;1,07
Latitude 3865;0,68;0,82;1,04;1,29;1,46;1,45;1,33;1,18;0,99;0,81;0,68;0,63;1,03
Latitude 3870;0,61;0,76;0,98;1,25;1,43;1,42;1,29;1,14;0,94;0,75;0,61;0,56;0,98
Latitude 3875;0,54;0,69;0,93;1,2;1,39;1,39;1,25;1,09;0,89;0,69;0,54;0,49;0,92
Latitude 3880;0,47;0,62;0,86;1,14;1,34;1,34;1,21;1,04;0,83;0,62;0,47;0,42;0,86
Latitude 3885;0,39;0,55;0,79;1,08;1,29;1,29;1,15;0,98;0,76;0,55;0,4;0,34;0,8
Latitude 3890;0,31;0,47;0,72;1,01;1,22;1,23;1,09;0,91;0,69;0,47;0,32;0,26;0,73
Latitude 390;1;1;1;1;1;1;1;1;1;1;1;1;1
Latitude 395;1,02;1,03;1,05;1,07;1,09;1,08;1,07;1,06;1,04;1,03;1,02;1,01;1,05
Latitude 3910;1,03;1,06;1,1;1,14;1,17;1,16;1,14;1,11;1,08;1,05;1,03;1,02;1,09
Latitude 3915;1,03;1,07;1,13;1,2;1,24;1,23;1,19;1,16;1,11;1,07;1,03;1,02;1,12
Latitude 3920;1,03;1,08;1,16;1,25;1,31;1,29;1,25;1,2;1,14;1,07;1,03;1,01;1,15
Latitude 3925;1,02;1,08;1,18;1,29;1,36;1,35;1,29;1,23;1,15;1,07;1,02;1;1,17
Latitude 3930;1;1,08;1,19;1,33;1,41;1,4;1,33;1,25;1,16;1,07;1;0,97;1,18
Latitude 3935;0,98;1,06;1,2;1,35;1,45;1,43;1,35;1,27;1,16;1,05;0,97;0,94;1,18
Latitude 3940;0,94;1,04;1,19;1,37;1,48;1,46;1,37;1,27;1,15;1,03;0,94;0,91;1,18
Latitude 3945;0,9;1,01;1,18;1,37;1,5;1,48;1,38;1,27;1,14;1;0,9;0,87;1,17
Latitude 3950;0,86;0,98;1,16;1,37;1,51;1,5;1,39;1,26;1,12;0,97;0,86;0,82;1,15
Latitude 3955;0,81;0,94;1,13;1,36;1,51;1,5;1,38;1,25;1,09;0,93;0,81;0,77;1,12
Latitude 3960;0,75;0,89;1,1;1,34;1,51;1,49;1,37;1,22;1,05;0,88;0,75;0,71;1,09
Latitude 3965;0,69;0,83;1,05;1,31;1,49;1,47;1,35;1,19;1,01;0,83;0,69;0,65;1,05
Latitude 3970;0,63;0,77;1;1,27;1,46;1,45;1,32;1,15;0,96;0,77;0,63;0,58;1
Latitude 3975;0,56;0,71;0,95;1,23;1,42;1,41;1,28;1,11;0,91;0,7;0,56;0,51;0,95
Latitude 3980;0,48;0,64;0,88;1,17;1,37;1,37;1,23;1,06;0,84;0,64;0,49;0,43;0,88
Latitude 3985;0,41;0,56;0,81;1,11;1,32;1,32;1,18;1;0,78;0,56;0,41;0,35;0,82
Latitude 3990;0,33;0,49;0,74;1,04;1,25;1,26;1,12;0,93;0,71;0,49;0,33;0,28;0,75
Latitude 400;1;1;1;1;1;1;1;1;1;1;1;1;1
Latitude 405;1,02;1,03;1,05;1,08;1,09;1,09;1,07;1,06;1,05;1,03;1,02;1,01;1,05
Latitude 4010;1,03;1,06;1,1;1,14;1,17;1,16;1,14;1,11;1,08;1,05;1,03;1,02;1,09
Latitude 4015;1,04;1,08;1,14;1,21;1,25;1,24;1,2;1,16;1,12;1,07;1,03;1,02;1,13
Latitude 4020;1,03;1,09;1,17;1,26;1,32;1,3;1,25;1,2;1,14;1,08;1,03;1,02;1,16
Latitude 4025;1,02;1,09;1,19;1,3;1,38;1,36;1,3;1,23;1,16;1,08;1,02;1;1,18
Latitude 4030;1,01;1,09;1,2;1,34;1,43;1,41;1,34;1,26;1,17;1,07;1,01;0,98;1,19
Latitude 4035;0,98;1,07;1,21;1,37;1,47;1,45;1,37;1,28;1,17;1,06;0,98;0,95;1,2
Latitude 4040;0,95;1,05;1,21;1,39;1,5;1,48;1,39;1,29;1,16;1,04;0,95;0,92;1,19
Latitude 4045;0,92;1,03;1,2;1,39;1,52;1,5;1,4;1,29;1,15;1,01;0,91;0,88;1,18
Latitude 4050;0,87;0,99;1,18;1,39;1,54;1,52;1,41;1,28;1,13;0,98;0,87;0,83;1,17
Latitude 4055;0,82;0,95;1,15;1,38;1,54;1,52;1,4;1,27;1,1;0,94;0,82;0,78;1,14
Latitude 4060;0,77;0,9;1,12;1,36;1,53;1,51;1,39;1,24;1,07;0,89;0,77;0,72;1,11
Latitude 4065;0,71;0,85;1,07;1,34;1,51;1,5;1,37;1,21;1,03;0,84;0,71;0,66;1,07
Latitude 4070;0,64;0,79;1,02;1,3;1,49;1,47;1,34;1,17;0,98;0,78;0,64;0,59;1,02
Latitude 4075;0,57;0,73;0,97;1,25;1,45;1,44;1,3;1,13;0,92;0,72;0,57;0,52;0,96
Latitude 4080;0,5;0,66;0,9;1,2;1,41;1,4;1,25;1,08;0,86;0,65;0,5;0,45;0,91
Latitude 4085;0,42;0,58;0,84;1,14;1,35;1,35;1,2;1,02;0,8;0,58;0,43;0,37;0,84
Latitude 4090;0,34;0,5;0,76;1,07;1,29;1,29;1,14;0,95;0,73;0,5;0,35;0,29;0,77
Latitude 410;1;1;1;1;1;1;1;1;1;1;1;1;1
Latitude 415;1,02;1,03;1,05;1,08;1,,09;1,09;1,07;1,06;1,05;1,03;1,02;1,02;0,96
Latitude 4110;1,03;1,06;1,1;1,15;1,18;1,17;1,14;1,12;1,09;1,06;1,03;1,02;1,1
Latitude 4115;1,04;1,08;1,14;1,21;1,26;1,24;1,21;1,17;1,12;1,07;1,04;1,03;1,13
Latitude 4120;1,04;1,09;1,17;1,27;1,33;1,31;1,26;1,21;1,15;1,08;1,04;1,02;1,16
Latitude 4125;1,03;1,1;1,2;1,32;1,39;1,37;1,31;1,24;1,17;1,09;1,03;1,01;1,19
Latitude 4130;1,02;1,09;1,21;1,35;1,44;1,42;1,35;1,27;1,18;1,08;1,01;0,99;1,2
Latitude 4135;0,99;1,08;1,22;1,38;1,49;1,47;1,38;1,29;1,18;1,07;0,99;0,96;1,21
Latitude 4140;0,96;1,06;1,22;1,4;1,52;1,5;1,4;1,3;1,18;1,05;0,96;0,93;1,21
Latitude 4145;0,93;1,04;1,21;1,41;1,55;1,52;1,42;1,3;1,16;1,03;0,93;0,89;1,2
Latitude 4150;0,88;1,01;1,19;1,41;1,56;1,54;1,42;1,3;1,14;0,99;0,88;0,84;1,18
Latitude 4155;0,84;0,97;1,17;1,41;1,57;1,54;1,42;1,28;1,12;0,95;0,83;0,79;1,16
Latitude 4160;0,78;0,92;1,14;1,39;1,56;1,54;1,41;1,26;1,08;0,91;0,78;0,73;1,13
Latitude 4165;0,72;0,87;1,09;1,36;1,54;1,53;1,39;1,23;1,04;0,85;0,72;0,67;1,08
Latitude 4170;0,66;0,81;1,04;1,32;1,52;1,5;1,36;1,19;0,99;0,8;0,66;0,61;1,04
Latitude 4175;0,59;0,74;0,99;1,28;1,48;1,47;1,32;1,15;0,94;0,73;0,59;0,54;0,99
Latitude 4180;0,52;0,67;0,93;1,23;1,44;1,43;1,28;1,1;0,88;0,67;0,52;0,46;0,93
Latitude 4185;0,44;0,6;0,86;1,16;1,38;1,38;1,23;1,04;0,82;0,6;0,44;0,39;0,86
Latitude 4190;0,36;0,52;0,78;1,09;1,32;1,32;1,17;0,98;0,74;0,52;0,36;0,31;0,79
Latitude 420;1;1;1;1;1;1;1;1;1;1;1;1;1
Latitude 425;1,02;1,04;1,06;1,08;1,09;1,09;1,08;1,06;1,05;1,03;1,02;1,02;1,05
Latitude 4210;1,04;1,06;1,11;1,15;1,18;1,17;1,15;1,12;1,09;1,06;1,04;1,03;1,1
Latitude 4215;1,04;1,09;1,15;1,22;1,26;1,25;1,21;1,17;1,13;1,08;1,04;1,03;1,14
Latitude 4220;1,05;1,1;1,18;1,28;1,34;1,32;1,27;1,21;1,15;1,09;1,04;1,03;1,17
Latitude 4225;1,04;1,1;1,21;1,33;1,4;1,38;1,32;1,25;1,17;1,09;1,04;1,01;1,2
Latitude 4230;1,02;1,1;1,23;1,37;1,46;1,44;1,36;1,28;1,19;1,09;1,02;1;1,21
Latitude 4235;1;1,09;1,23;1,4;1,51;1,48;1,39;1,3;1,19;1,08;1;0,97;1,22
Latitude 4240;0,97;1,08;1,24;1,42;1,54;1,52;1,42;1,31;1,19;1,06;0,97;0,94;1,22
Latitude 4245;0,94;1,05;1,23;1,43;1,57;1,54;1,43;1,32;1,18;1,04;0,94;0,9;1,21
Latitude 4250;0,9;1,02;1,21;1,44;1,59;1,56;1,44;1,31;1,16;1;0,89;0,86;1,2
Latitude 4255;0,85;0,98;1,19;1,43;1,59;1,57;1,44;1,3;1,13;0,97;0,85;0,8;1,18
Latitude 4260;0,8;0,93;1,15;1,41;1,59;1,57;1,43;1,28;1,1;0,92;0,79;0,75;1,14
Latitude 4265;0,74;0,88;1,11;1,39;1,57;1,55;1,41;1,25;1,06;0,87;0,74;0,69;1,11
Latitude 4270;0,67;0,82;1,07;1,35;1,55;1,53;1,38;1,21;1,01;0,81;0,67;0,62;1,06
Latitude 4275;0,6;0,76;1,01;1,31;1,52;1,5;1,35;1,17;0,96;0,75;0,6;0,55;1,01
Latitude 4280;0,53;0,69;0,95;1,25;1,47;1,46;1,3;1,12;0,9;0,68;0,53;0,48;0,95
Latitude 4285;0,46;0,62;0,88;1,19;1,42;1,41;1,25;1,06;0,83;0,61;0,46;0,4;0,88
Latitude 4290;0,38;0,54;0,81;1,12;1,36;1,35;1,19;1;0,76;0,54;0,38;0,32;0,81
Latitude 430;1;1;1;1;1;1;1;1;1;1;1;1;1
Latitude 435;1,02;1,04;1,06;1,08;1,1;1,09;1,08;1,07;1,05;1,03;1,02;1,02;1,06
Latitude 4310;1,04;1,07;1,11;1,16;1,19;1,18;1,15;1,12;1,09;1,06;1,04;1,03;1,1
Latitude 4315;1,05;1,09;1,15;1,23;1,27;1,26;1,22;1,18;1,13;1,08;1,05;1,03;1,15
Latitude 4320;1,05;1,1;1,19;1,29;1,35;1,33;1,28;1,22;1,16;1,09;1,05;1,03;1,18
Latitude 4325;1,04;1,11;1,22;1,34;1,42;1,4;1,33;1,26;1,18;1,1;1,04;1,02;1,21
Latitude 4330;1,03;1,11;1,24;1,38;1,48;1,45;1,37;1,29;1,2;1,1;1,03;1;1,22
Latitude 4335;1,01;1,1;1,25;1,42;1,52;1,5;1,41;1,31;1,2;1,09;1,01;0,98;1,23
Latitude 4340;0,98;1,09;1,25;1,44;1,56;1,54;1,43;1,33;1,2;1,07;0,98;0,95;1,24
Latitude 4345;0,95;1,06;1,24;1,45;1,59;1,57;1,45;1,33;1,19;1,05;0,95;0,91;1,23
Latitude 4350;0,91;1,03;1,23;1,46;1,61;1,58;1,46;1,33;1,17;1,02;0,91;0,87;1,22
Latitude 4355;0,86;1;1,21;1,45;1,62;1,59;1,46;1,32;1,15;0,98;0,86;0,82;1,19
Latitude 4360;0,81;0,95;1,17;1,44;1,62;1,59;1,45;1,3;1,12;0,94;0,81;0,76;1,16
Latitude 4365;0,75;0,9;1,13;1,41;1,61;1,58;1,43;1,27;1,08;0,89;0,75;0,7;1,13
Latitude 4370;0,69;0,84;1,09;1,38;1,58;1,56;1,41;1,23;1,03;0,83;0,69;0,64;1,08
Latitude 4375;0,62;0,78;1,03;1,34;1,55;1,53;1,37;1,19;0,98;0,77;0,62;0,57;1,03
Latitude 4380;0,55;0,71;0,97;1,28;1,51;1,49;1,33;1,14;0,92;0,7;0,55;0,49;0,97
Latitude 4385;0,47;0,64;0,9;1,22;1,45;1,44;1,28;1,08;0,85;0,63;0,47;0,42;0,9
Latitude 4390;0,39;0,56;0,83;1,16;1,39;1,38;1,22;1,02;0,78;0,56;0,4;0,34;0,84
Latitude 440;1;1;1;1;1;1;1;1;1;1;1;1;1
Latitude 445;1,02;1,04;1,06;1,09;1,1;1,1;1,08;1,07;1,05;1,04;1,02;1,02;1,06
Latitude 4410;1,04;1,07;1,11;1,16;1,19;1,18;1,16;1,13;1,1;1,06;1,04;1,03;1,11
Latitude 4415;1,05;1,09;1,16;1,23;1,28;1,27;1,22;1,18;1,13;1,09;1,05;1,04;1,15
Latitude 4420;1,06;1,11;1,2;1,3;1,36;1,34;1,28;1,23;1,17;1,1;1,05;1,04;1,19
Latitude 4425;1,05;1,12;1,23;1,35;1,43;1,41;1,34;1,27;1,19;1,11;1,05;1,03;1,22
Latitude 4430;1,05;1,12;1,25;1,4;1,49;1,47;1,38;1,3;1,2;1,11;1,04;1,01;1,24
Latitude 4435;1,02;1,11;1,26;1,43;1,54;1,52;1,42;1,32;1,21;1,1;1,02;0,99;1,25
Latitude 4440;1;1,1;1,26;1,46;1,59;1,56;1,45;1,34;1,21;1,08;0,99;0,96;1,25
Latitude 4445;0,96;1,08;1,26;1,48;1,62;1,59;1,47;1,35;1,2;1,06;0,96;0,92;1,25
Latitude 4450;0,92;1,05;1,25;1,48;1,64;1,61;1,48;1,34;1,19;1,03;0,92;0,88;1,23
Latitude 4455;0,88;1,01;1,22;1,48;1,65;1,62;1,48;1,33;1,16;0,99;0,87;0,83;1,21
Latitude 4460;0,82;0,97;1,19;1,47;1,65;1,62;1,47;1,32;1,13;0,95;0,82;0,78;1,18
Latitude 4465;0,77;0,92;1,16;1,44;1,64;1,61;1,46;1,29;1,09;0,9;0,76;0,72;1,15
Latitude 4470;0,7;0,86;1,11;1,41;1,62;1,59;1,43;1,26;1,05;0,85;0,7;0,65;1,1
Latitude 4475;0,64;0,8;1,06;1,37;1,59;1,56;1,4;1,21;1;0,78;64;0,58;6,33
Latitude 4480;0,56;0,73;0,99;1,32;1,54;1,52;1,36;1,16;0,94;0,72;0,56;0,51;0,99
Latitude 4485;0,49;0,66;0,93;1,26;1,49;1,48;1,31;1,11;0,87;0,65;0,49;0,43;0,93
Latitude 4490;0,41;0,58;0,85;1,19;1,43;1,42;1,25;1,04;0,8;0,57;0,41;0,35;0,86